id,name,parent_id,color,label_tree_id,aphia_id,catami / CAAB
200228,Acanthogorgiidae,200233,bf6df2,1064,125272,11168901
200229,Acanthuriformes,200232,0cf2bd,1064,1517548,37990083
200230,Acropomatiformes,200232,0cf2bd,1064,1517567,37990083
200232,Actinopterygii,201014,0cf2bd,1064,10194,37000000
200233,Alcyonacea,200336,bf6df2,1064,1365,11168901
200234,Alcyoniidae,200233,333aff,1064,125269,11168901
200235,Alepocephaliformes,200232,f26dc1,1064,1517449,37990083
200236,Amphipoda,200294,ff7b00,1064,1135,27000000
200237,Anguilliformes,200232,0cf2bd,1064,10295,37990025
200238,Animalia,200254,5ca3e6,1064,2,80000000
200239,Annelida,200238,5ca3e6,1064,882,22000000
200240,Anthoptilidae,200340,66b5ff,1064,128480,11168918
200241,Anthothelidae,200233,2af218,1064,125279,11168919
200242,Anthozoa,200275,f218e7,1064,1292,11500000
200243,Antipatharia,200305,73deff,1064,22549,11168901
200244,Antipathidae,200243,73deff,1064,103301,11168901
200245,Aphanipathidae,200243,f224a0,1064,266960,11168901
200246,Argentiniformes,200232,79bef2,1064,1321884,37990083
200247,Arthropoda,200238,d673e6,1064,1065,80000000
200248,Asteroidea,200285,60ff26,1064,123080,25102000
200249,Ateleopodiformes,200232,3de62e,1064,10307,37990083
200250,Aulopiformes,200232,63ff40,1064,10308,37990083
200251,Balticinidae (Halipteridae),200340,61bdf2,1064,1508602,11168918
200252,Batoidea,200290,66ffb3,1064,368409,37990030
200253,Beryciformes,200232,f2da24,1064,10322,37990083
200254,Biota,NA,5ca3e6,1064,NA,80000000
200255,Bivalvia,200323,6f59ff,1064,105,23199000
200256,Brachiopoda,200238,2800f2,1064,1803,19100000
200257,Briareidae,200233,7130f2,1064,266946,11168901
200258,Brisingida,200248,60ff26,1064,123085,25102000
200259,Bryozoa,200238,7.42E+09,1064,146142,20000000
200261,Callionymiformes,200232,b9f26d,1064,1517496,37990083
200262,Candelabridae,200311,6dff59,1064,1595,11001000
200264,Cephalopoda,200323,d70dff,1064,11707,23590000
200265,Ceriantharia,200242,f218e7,1064,1361,11164000
200266,Chelicerata,200247,d673e6,1064,1274,33000000
200267,Chimaeriformes,200308,4dff9d,1064,10217,37990028
200268,Chordata,200238,66bdff,1064,1821,80000000
200269,Chrysogorgiidae,200233,f20c2b,1064,125273,11168901
200271,Cidaroida,200286,6500f2,1064,123158,25200901
200272,Cirripedia,200280,ff7b00,1064,1082,27500000
200273,Cladopathidae,200243,bb67e6,1064,266961,11168901
200274,Clavulariidae,200233,c4ff66,1064,125270,11168919
200275,Cnidaria,200238,f218e7,1064,1267,11500000
200276,Coralliidae,200233,ffb773,1064,125280,11168901
200278,Corymorphidae,200311,492ee6,1064,1598,11001000
200279,Crinoidea,200285,cfff4d,1064,123081,25001000
200280,Crustacea,200247,ff7b00,1064,1066,27000000
200281,Ctenophora,200238,f24730,1064,1248,12000000
200282,Decapoda,200294,e667d0,1064,1130,27000000
200284,Echinidae,200286,f2bd49,1064,123160,25200901
200285,Echinodermata,200238,60ff26,1064,1806,25000000
200286,Echinoidea,200285,6500f2,1064,123082,25200000
200288,Echinothurioida,200286,710be6,1064,160734,25200901
200289,Echiura,200348,5ca3e6,1064,1269,17020000
200290,Elasmobranchii,201014,66ffb3,1064,10193,37990082
200291,Ellisellidae,200233,e667a0,1064,125274,11168901
200292,Elpidiidae,200309,d70cf2,1064,123191,25400901
200293,Errantia,200348,5ce691,1064,754174,22000902
200294,Eumalacostraca,200280,ff7b00,1064,1086,27000000
200295,Eupercaria incertae sedis,200232,ecff73,1064,1517577,37990083
200296,Euphausiacea,200294,ff7b00,1064,1128,28000901
200297,Foraminifera,200238,b6f23d,1064,1410,80000000
200299,Funiculinidae,200340,e62e65,1064,128481,11168918
200300,Gadidae,200301,ff0db6,1064,125469,37990083
200301,Gadiformes,200232,ff0db6,1064,10313,37990083
200302,Gastropoda,200323,22e649,1064,101,24000000
200303,Gorgoniidae,200233,c600f2,1064,125275,11168901
200304,Hemichordata,200238,dfe65c,1064,1818,36110000
200305,Hexacorallia,200242,0da2ff,1064,1340,11500000
200307,Holocentriformes,200232,f2d561,1064,1517488,37990083
200308,Holocephali,201014,4dff9d,1064,10196,37990028
200309,Holothuroidea,200285,d70cf2,1064,123083,25400000
200311,Hydrozoa,200275,6dff59,1064,1337,11001000
200312,Irregularia,200286,aaff0d,1064,510499,25200902
200313,Isididae,200233,f20c7b,1064,125276,11168901
200314,Isopoda,200294,a155f2,1064,1131,27000000
200315,Keratoisididae,200233,bf6df2,1064,1544106,11168901
200316,Kophobelemnidae,200340,248ff2,1064,128483,11168918
200317,Leiopathidae,200243,5bf224,1064,266962,11168901
200318,Leptothecata,200311,6dff59,1064,13552,11001000
200319,Lophiiformes,200232,30cff2,1064,10316,37990083
200320,Lotidae,200301,cb59ff,1064,125470,37990083
200321,Macrouridae,200301,26ffde,1064,125471,37990083
200322,Merlucciidae,200301,33ddff,1064,125473,37990083
200323,Mollusca,200238,6f59ff,1064,51,23000000
200325,Mopseidae,200233,bf6df2,1064,1544107,11168901
200326,Moridae,200301,f20061,1064,125474,37990083
200327,Myctophiformes,200232,f2d13d,1064,10309,37990083
200328,Myriopathidae,200243,8a2ee6,1064,266963,11168901
200329,Mysida,200294,22e643,1064,149668,28000901
200330,Myxini,201014,55f257,1064,10189,37000000
200331,Nemertea,200238,45e66d,1064,152391,13000000
200332,Nephtheidae,200233,79f289,1064,146762,11168911
200333,Nidaliidae,200233,bf6df2,1064,196169,11168901
200334,Notacanthiformes,200232,0cf2bd,1064,10294,37990025
200335,Nudibranchia,200302,22e649,1064,1762,24000000
200336,Octocorallia,200242,bf6df2,1064,1341,11168901
200337,Ophidiiformes,200232,f27979,1064,10314,37990083
200338,Ophiuroidea,200285,3d7cf2,1064,123084,25160000
200339,Paragorgiidae,200233,ffbe33,1064,125281,11168901
200340,Pennatulacea,200336,66b5ff,1064,1367,11168918
200341,Pennatulidae,200340,223ce6,1064,128484,11168918
200342,Perciformes,200232,83f20c,1064,11014,37990083
200343,Phoronida,200238,61b3f2,1064,1789,80600901
200344,Phycidae,200301,8a6df2,1064,125475,37990083
200345,Pleuronectiformes,200232,50e6b6,1064,10331,37990083
200346,Plexaurellidae,200233,bf6df2,1064,1548117,11168901
200347,Plexauridae,200233,0bc1e6,1064,125277,11168901
200348,Polychaeta,200239,5ca3e6,1064,883,22000000
200349,Polymixiiformes,200232,ff8c40,1064,10311,37990083
200350,Polyplacophora,200323,590cf2,1064,55,23100000
200351,Porifera,200238,0cd0f2,1064,558,10000000
200352,Primnoidae,200233,45e6bd,1064,125278,11168901
200353,Protoptilidae,200340,e645c3,1064,128485,11168918
200354,Pycnogonida,200266,d673e6,1064,1302,33000000
200356,Sabellidae,200363,8749f2,1064,985,22000901
200357,Scaphopoda,200323,9e67e6,1064,104,23000000
200358,Schizopathidae,200243,f2b118,1064,266964,11168901
200359,Scleractinia,200305,e7f26d,1064,1363,11290000
200361,Scombriformes,200232,80ffc1,1064,1517490,37990083
200362,Scyphozoa,200275,2800f2,1064,135220,11120000
200363,Sedentaria,200348,8749f2,1064,754175,22000901
200364,Selachii,200290,e6920b,1064,368408,37990016
200365,Serpulidae,200363,f26db9,1064,988,22000901
200366,Siphonophorae,200311,6dff59,1064,1371,11090000
200367,SM1 Chironephthya msp1,200333,bf6df2,1064,415194,11168911
200368,SM2 Anthothela msp1,200241,2af218,1064,125324,11168919
200369,SM3 Clavularia borealis,200274,60e65c,1064,520680,11168919
200370,SM4 Alcyonacea msp1,200233,39e66a,1064,1365,25200901
200371,SM5 Anthomastus msp2,200234,f2b26d,1064,125285,37990083
200372,SM6 Gersemia msp1,200332,e6290b,1064,146953,37990016
200373,SM7 Carijoa msp1,200274,6aff59,1064,205447,11168912
200374,SM8 Clavulariidae msp1,200274,ff6699,1064,125270,11001000
200375,SM9 Anthomastus msp7,200234,4954f2,1064,125285,10000903
200376,SM10 Drifa msp1,200332,79f289,1064,146940,11168911
200377,SM11 Anthomastus msp3,200234,333aff,1064,125285,11168910
200378,SM12 Gersemia msp4,200332,7761f2,1064,146953,11168911
200379,SM13 Gersemia msp2,200332,8.77E+09,1064,146953,11168911
200380,SM14 Octocorallia msp2,200336,bf6df2,1064,1341,11168919
200381,SM15 Stolonifera msp2,200233,bf6df2,1064,1368,11168919
200382,SM16 Anthelia fallax,201016,bf6df2,1064,125346,11168919
200383,SM17 Octocorallia msp1,200336,2ee6c1,1064,1341,11168919
200384,SM18 Anthomastus msp6,200234,ff0d6a,1064,125285,11168910
200385,SM19 Anthomastus msp1,200234,9a26ff,1064,125285,11168910
200386,SM20 Octocorallia msp3,200336,55e8f2,1064,1341,11168919
200387,SM21 Anthothela msp4,200241,f23de9,1064,125324,11168919
200388,SM22 Anthomastus msp4,200234,40ffa3,1064,125285,11168910
200389,SM23 Iciligorgia msp1,200241,e22ee6,1064,267499,11168919
200390,SM24 Drifa msp2,200332,3de3f2,1064,146940,11168911
200391,SM25 Gersemia msp3,200332,73e69b,1064,146953,11168911
200392,SM26 Anthothela msp3,200241,808eff,1064,125324,11168919
200393,SM27 Clavularia rudis,200274,c4ff66,1064,177678,11168919
200394,SM28 Stolonifera msp1,200233,ff0d51,1064,1368,11168919
200395,SM29 Anthothela grandiflora,200241,5424f2,1064,125414,11168919
200396,SM30 Anthothela msp2,200241,34e62e,1064,125324,11168919
200397,SM31 Anthomastus msp5,200234,4dff58,1064,125285,11168910
200398,SM100 Bonellia viridis,200289,5ca3e6,1064,110363,22000901
200399,SM101 Polychaeta msp1,200293,6df2cc,1064,883,22000902
200400,SM102 Sedentaria msp4,200363,8749f2,1064,754175,22000901
200401,SM103 Serpulidae msp1,200365,f26db9,1064,988,22000901
200402,SM104 Aphroditiformia msp5,200293,ffb066,1064,927,22000902
200403,SM105 Aphroditiformia msp2,200293,ff8e59,1064,927,22000902
200404,SM106 Hyalinoecia tubicola,200293,4.57E+09,1064,130464,22000901
200405,SM107 Sedentaria msp3,200363,83f261,1064,754175,22000901
200406,SM108 Sabellidae msp2,200356,8749f2,1064,985,22000901
200407,SM109 Sabellidae msp1,200356,f23091,1064,985,22000901
200408,SM110 Echiura msp1,200289,5ca3e6,1064,1269,22000901
200409,SM111 Aphroditiformia msp1,200293,5ce691,1064,927,22000902
200410,SM112 Sedentaria msp8,200363,3d55f2,1064,754175,22000901
200411,SM113 Aphroditiformia msp3,200293,557af2,1064,927,22000902
200412,SM114 Aphroditiformia msp6,200293,d43df2,1064,927,22000902
200413,SM115 Polychaeta msp3,200293,e6505a,1064,883,22000902
200414,SM116 Aphroditiformia msp4,200293,55f272,1064,927,22000902
200415,SM117 Sedentaria msp6,200363,aaff80,1064,754175,22000901
200416,SM118 Polychaeta msp4,200293,18f277,1064,883,22000902
200417,SM119 Sedentaria msp7,200363,808aff,1064,754175,22000901
200418,SM120 Polychaeta msp2,200293,3df2c2,1064,883,22000902
200419,SM121 Sedentaria msp1,200363,f2616b,1064,754175,22000901
200420,SM122 Sedentaria msp2,200363,66ffbd,1064,754175,22000901
200421,SM123 Sedentaria msp5,200363,ff4640,1064,754175,22000901
200422,SM124 Echiura msp2,200289,f2740c,1064,1269,22000901
200423,SM125 cf. Bathypathes  msp.1,200358,f2b118,1064,103304,11168912
200424,SM126 Stichopathes  msp.1,200244,73deff,1064,103308,11168901
200425,SM127 Antipatharia  msp.1,200243,73deff,1064,22549,11168912
200426,SM128 Trissopathes n.sp.,200273,bb67e6,1064,267926,11168905
200427,SM129 Telopathes  msp.3,200358,f2ef18,1064,740050,11168902
200428,SM130 Stichopathes cf. gravieri,200244,bfe673,1064,472931,11168901
200429,SM131 Stauropathes punctata,200358,e65093,1064,291112,11168902
200430,SM132 Stauropathes  msp.2,200358,e69239,1064,267854,11168902
200431,SM133 Parantipathes  msp.5,200358,e63df2,1064,103306,11168905
200432,SM134 Parantipathes  msp.2,200358,1852f2,1064,103306,11168905
200433,SM135 Antipathes atlantica,200244,e3f20c,1064,283882,11168902
200434,SM136 Leiopathes glaberrima,200317,5bf224,1064,103326,11168902
200435,SM137 Leiopathes  msp.2,200317,f249c5,1064,103305,11168912
200436,SM138 Trissopathes  msp.1,200273,306ef2,1064,267926,11168905
200437,SM139 Bathypathes  msp.2,200358,3df258,1064,103304,11168912
200438,SM140 Tanacetipathes hirta,200328,8a2ee6,1064,291175,11168905
200439,SM141 Leiopathes  msp.1,200317,f26dc1,1064,103305,11168902
200440,SM142 Distichopathes filix,200245,f224a0,1064,289840,11168902
200441,SM143 Antipathes furcata,200244,0c70f2,1064,103312,11168902
200442,SM144 Antipathes cf. dichotoma,200244,e69350,1064,103309,11168902
200443,SM145 Telopathes  msp.2,200358,f23a0c,1064,740050,11168902
200444,SM146 Bathypathes  msp.7,200358,3d9df2,1064,103304,11168912
200445,SM147 Stauropathes cf. punctata,200358,2bf224,1064,291112,11168902
200446,SM148 cf. Antipathella  msp.1,200328,e650a0,1064,267233,11168902
200447,SM149 Tanacetipathes tanacetum,200328,8ae639,1064,291180,11168905
200448,SM150 Parantipathes  msp.4,200358,e6d222,1064,103306,11168905
200449,SM151 Antipatharia  msp.2,200243,67a4e6,1064,22549,11168902
200450,SM152 Telopathes  msp.1,200358,0dffb2,1064,740050,11168902
200451,SM153 Antipatharia  msp.6,200243,f2d830,1064,22549,11168902
200452,SM154 Parantipathes  msp.1,200358,71e650,1064,103306,11168905
200453,SM155 Leiopathes  msp.1,200317,82e617,1064,103305,11168912
200454,SM156 Heteropathes americana,200273,0cf22f,1064,723294,11168912
200455,SM157 Stichopathes  msp.3,200244,a6f200,1064,103308,11168901
200456,SM158 Bathypathes patula,200358,aa18f2,1064,103323,11168912
200457,SM159 Antipatharia  msp.4,200243,f2bb6d,1064,22549,11168902
200458,SM160 Allopathes denhartogi,200244,4de62e,1064,289390,11168902
200459,SM161 Chrysopathes  msp.1,200273,1ee617,1064,267316,11168905
200460,SM162 Antipatharia  msp.5,200243,f27324,1064,22549,11168902
200461,SM163 Bathypathes  msp.4,200358,f261bb,1064,103304,11168912
200462,SM164 Bathypathes  msp.6,200358,f26194,1064,103304,11168912
200463,SM165 Alternatipathes  msp.1,200358,1938ff,1064,994317,11168912
200464,SM166 Bathypathes  msp.5,200358,ff8873,1064,103304,11168912
200465,SM167 Stauropathes cf. arctica,200358,b361f2,1064,291111,11168902
200466,SM168 Aphanipathes  msp.1,200245,baff59,1064,103303,11168905
200467,SM169 Stauropathes  msp.1,200358,4724f2,1064,267854,11168902
200468,SM170 Bathypathes  msp.1,200358,39f224,1064,103304,11168912
200469,SM171 Phanopathes  msp.1,200245,55f294,1064,267729,11168912
200470,SM172 Cladopathinae  msp.1,200273,80ccff,1064,723333,11168905
200471,SM173 Bathypathes  mps.3,200358,3df28b,1064,103304,11168912
200472,SM174 Dendrobathypathes  msp.1,200358,f27989,1064,267372,11168912
200473,SM175 Leiopathes  msp.2,200317,ff7398,1064,103305,11168902
200474,SM176 Antipatharia  msp.3,200243,f2550c,1064,22549,11168902
200475,SM177 Parantipathes  msp.3,200358,59ffc2,1064,103306,11168905
200476,SM178 Antipatharia  msp.8,200243,7bf20c,1064,22549,11168902
200477,SM179 Antipatharia  msp.7,200243,8373ff,1064,22549,11168912
200478,SM180 Lillipathes   msp.1,200358,24f228,1064,267553,11168902
200479,SM181 Parantipathes hirondelle,200358,716df2,1064,472932,11168905
200480,SM182 Trissopathes  msp.2,200273,f2797b,1064,267926,11168905
200481,SM183 Stichopathes  msp.2,200244,a2e667,1064,103308,11168901
200482,SM184 Pycnogonida msp7,200354,00c2f2,1064,1302,33000000
200483,SM186 Munnopsidae msp1,200314,82e600,1064,118264,27000000
200484,SM187 Isopoda msp2,200314,f23d85,1064,1131,27000000
200485,SM188 Colossendeis proboscidea,200354,d673e6,1064,134669,33000000
200486,SM189 Pycnogonida msp1,200354,82e650,1064,1302,33000000
200487,SM192 Epimeria loricata,200236,e60b6a,1064,1053399,27000000
200488,SM196 Amphipoda msp2,200236,f25c49,1064,1135,27000000
200489,SM198 Pycnogonida msp2,200354,9018f2,1064,1302,33000000
200490,SM200 Pycnogonida msp4,200354,ff4db5,1064,1302,33000000
200491,SM204 Isopoda msp3,200314,66edff,1064,1131,27000000
200492,SM205 Amphipoda msp3,200236,e645bb,1064,1135,27000000
200493,SM209 Boreonymphon msp1,200354,d6e673,1064,134589,33000000
200494,SM212 Munnopsurus giganteus,200314,b1e65c,1064,118636,27000000
200495,SM218 Bathynomus giganteus,200314,a155f2,1064,259252,27000000
200496,SM219 Munnopsidae msp2,200314,49f254,1064,118264,27000000
200497,SM221 Meganyctiphanes msp1,200296,ff7b00,1064,110674,28000901
200498,SM222 Cirripedia msp2,200272,ff7b00,1064,1082,27500901
200499,SM225 Cleippides quadricuspis,200236,ff7b00,1064,102181,27000000
200500,SM228 Pycnogonida msp3,200354,f25562,1064,1302,33000000
200501,SM229 Eumalacostraca msp1,200294,ff7b00,1064,1086,28000901
200502,SM231 Colossendeis msp1,200354,79f2a8,1064,134586,33000000
200503,SM232 Pycnogonida msp5,200354,4.55E+09,1064,1302,33000000
200504,SM233 Pycnogonida msp6,200354,3074f2,1064,1302,33000000
200505,SM239 Isopoda msp1,200314,41ff33,1064,1131,27000000
200506,SM240 Eumalacostraca msp2,200294,f23d5e,1064,1086,28000901
200507,SM245 Caprellidae msp1,200236,e879f2,1064,101361,27000000
200508,SM248 Pycnogonida msp8,200354,f22f0c,1064,1302,33000000
200509,SM258 Euphausiacea msp1,200296,f2006d,1064,1128,28000901
200510,SM261 Amphipoda msp1,200236,5caee6,1064,1135,27000000
200511,SM264 Cirripedia msp1,200272,f2996d,1064,1082,27500000
200512,SM316 Delectopecten msp1,200255,51f20c,1064,138318,23199000
200513,SM317 Neopycnodonte zibrowii,200255,d2f230,1064,379789,23199000
200514,SM318 Bivalvia msp2,200255,a26df2,1064,105,23199000
200515,SM319 Pectinidae msp1,200255,0be6db,1064,213,23199000
200516,SM320 Acesta excavata,200255,6f59ff,1064,140232,23199000
200517,SM321 Pseudamussium msp1,200255,85e650,1064,138325,23199000
200518,SM322 Bivalvia msp1,200255,80ffc1,1064,105,23199000
200519,SM323 Anomiidae msp1,200255,ffe640,1064,214,23199000
200520,SM324 Atrina msp1,200255,83f26d,1064,138351,23199000
200521,SM325 Brachiopoda,200256,2800f2,1064,1803,19100000
200522,SM326 Brachiopoda,200256,e68722,1064,1803,19100000
200523,SM334 Bryozoa msp2,200259,ca18f2,1064,146142,20000908
200524,SM335 Dendrobeania,200259,26ff3c,1064,110842,20000908
200525,SM336 Cyclostomatida msp2,200259,bbe622,1064,110724,20000908
200526,SM337 Horneridae msp2,200259,e6b800,1064,110808,11229903
200527,SM338 Caberea msp2,200259,3dbff2,1064,110864,20000908
200528,SM339 Cyclostomatida msp1,200259,3d79f2,1064,110724,20000908
200529,SM340 Palmiskenea msp1,200259,7.42E+09,1064,110834,20000902
200530,SM341 Caberea msp1,200259,17e6b9,1064,110864,20000908
200531,SM342 Cyclostomatida,200259,f230c2,1064,110724,20000908
200532,SM343 Bryozoa,200259,55c0f2,1064,146142,20000901
200533,SM344 Bryozoa msp1,200259,6.62E+09,1064,146142,20000908
200534,SM345 Horneridae msp1,200259,ff5996,1064,110808,23650000
200535,SM346 Phidoloporidae,200259,7b17e6,1064,110768,23650000
200536,SM347 Bryozoa,200259,2ee6dc,1064,146142,11229903
200537,SM359 Pachycerianthus msp1,200265,49f251,1064,100783,11164000
200538,SM360 Cerianthidae msp1,200265,f28e6d,1064,100684,11164000
200539,SM361 Cerianthus lloydii,200265,3d97f2,1064,283798,11164000
200540,SM362 Ceriantharia msp1,200265,f218e7,1064,1361,11164000
200541,SM363 Pachycerianthus msp2,200265,ffe180,1064,100783,11164000
200542,SM364 Ceriantheopsis msp1,200265,45c5e6,1064,158280,11164000
200543,SM365 Arachnanthus msp1,200265,f25f49,1064,100779,11164000
200544,SM366 Ceriantheopsis msp2,200265,e67339,1064,158280,11500000
200545,SM367 Pachycerianthus multiplicatus,200265,f25d18,1064,101013,11164000
200546,SM368 Botrucnidifer norvegicus,200265,0cf2b1,1064,289529,11500000
200547,SM393 Pleurobrachia msp1,200281,f24730,1064,106346,25200901
200548,SM415 Gadus morhua,200300,ff0db6,1064,126436,37990083
200549,SM416 Lophiodes beroe,200319,30cff2,1064,278523,37990025
200550,SM417 Synagrops bellus,200230,0cf2bd,1064,159584,11229903
200551,SM418 Bathypterois bigelowi,200250,63ff40,1064,272070,37990025
200552,SM419 Conger oceanicus,200237,0cf2bd,1064,158566,37990083
200553,SM420 Synaphobranchus kaupii,200237,308ef2,1064,126328,37990083
200554,SM421 Gadomus longifilis,200321,26ffde,1064,126471,37990083
200555,SM422 Peristedion antillarum,200342,83f20c,1064,274635,37990083
200556,SM423 Gephyroberyx darwinii,201006,f23db9,1064,126401,37990025
200557,SM424 Gadomus arcuatus,200321,c533ff,1064,126469,37990083
200558,SM425 Benthocometes robustus,200337,f27979,1064,126667,37990083
200559,SM426 Notacanthiformes msp1,200334,0cf2bd,1064,10294,37990025
200560,SM427 Etelis oculatus,200295,ecff73,1064,159789,11229903
200561,SM428 Coryphaenoides,200321,26ffde,1064,125748,37990025
200562,SM429 Conger esculentus,200237,ff9466,1064,271742,37990083
200563,SM430 Ilyophis brunneus,200237,eff249,1064,126326,37990025
200564,SM431 Epigonus occidentalis,200230,14f20c,1064,159704,37990083
200565,SM432 Coryphaenoides rudis,200321,5c81e6,1064,272350,37990083
200566,SM433 Polyacanthonotus merretti,200334,ff265c,1064,158561,37990083
200567,SM434 Coryphaenoides mexicanus,200321,8ce617,1064,272340,37990083
200568,SM435 Chascanopsetta danae,200345,50e6b6,1064,1525321,37990025
200569,SM436 Gaidropsarus msp1,200320,cb59ff,1064,125743,37990083
200570,SM437 Coelorinchus occa,200321,f2181f,1064,280323,11229903
200571,SM438 Actinopterygii msp9,200232,8df261,1064,10194,37990083
200572,SM439 Antimora rostrata,200326,f20061,1064,126486,37990083
200573,SM440 Trachyscorpia cristulata,200342,50afe6,1064,127256,37990025
200574,SM441 Trachichthyidae msp1,201006,59afff,1064,125459,37990083
200575,SM442 Maurolicus muelleri,201003,50e639,1064,127312,37990083
200576,SM443 Synaphobranchus oregoni,200237,ff5993,1064,272022,37990083
200577,SM444 Urophycis cirrata,200344,8a6df2,1064,272520,37990083
200578,SM445 Epigonus,200230,394be6,1064,125967,37990028
200579,SM446 Lycodes,200342,f20061,1064,126104,37990083
200580,SM447 Laemonema goodebeanorum,200326,f20061,1064,158980,11164000
200581,SM448 Hydrolagus pallidus,200267,4dff9d,1064,105827,37990083
200582,SM449 Lophius piscatorius,200319,45abe6,1064,126555,37990083
200583,SM450 Bathypterois grallator,200250,9873ff,1064,126343,37990083
200584,SM451 Zoarcidae msp1,200342,7859ff,1064,125575,37990083
200585,SM452 Chaunax suttkusi,200319,fff019,1064,126540,37990083
200586,SM453 Micromesistius poutassou,200300,ff0db6,1064,126439,37990025
200587,SM454 Chaunax,200319,ed55f2,1064,125796,37990083
200588,SM455 Ipnops murrayi,200250,9018f2,1064,158866,37990028
200589,SM456 Aldrovandia gracilis,200334,73a6ff,1064,157880,37990025
200590,SM457 Macrouridae msp2,200321,497cf2,1064,125471,11229903
200591,SM458 Harriotta raleighana,200267,18f2e4,1064,105829,37990083
200592,SM459 Actinopterygii msp6,200232,79f0f2,1064,10194,37990083
200593,SM460 Paraliparis,200342,c973ff,1064,126161,37990083
200594,SM461 Diplacanthopoma,200337,04e600,1064,158993,37990083
200595,SM462 Bathyclupea schroederi,200230,39e6b5,1064,276307,37990083
200596,SM463 Acanthonus armatus,200337,e60b29,1064,158998,37990083
200597,SM464 Argentinia msp1,200246,79bef2,1064,125885,37990083
200598,SM465 Bathypterois viridensis,200250,49a9f2,1064,272077,37990083
200599,SM466 Liparidae msp1,200342,55ff00,1064,234519,37990083
200600,SM467 Coryphaenoides armatus,200321,4dff79,1064,158952,11164000
200601,SM468 Pollachius virens,200300,ff0db6,1064,126441,37990025
200602,SM469 Actinopterygii msp3,200232,0cf2bd,1064,10194,37990083
200603,SM470 Actinopterygii msp10,200232,f20014,1064,10194,37990083
200604,SM471 Stomias msp1,201003,d4f20c,1064,126220,37990083
200605,SM472 Coelorinchus caelorhincus,200321,f2bd0c,1064,398381,37990083
200606,SM473 Macrouridae msp1,200321,f2bb61,1064,125471,37990083
200607,SM474 Lycodonus flagellicauda,200342,e161f2,1064,127119,37990083
200608,SM475 Nezumia aequalis,200321,e8f224,1064,126473,37990083
200609,SM476 Cataetyx laticeps,200337,7f0cf2,1064,126657,37990083
200610,SM477 Lycodes frigidus,200342,f26f61,1064,127105,11229901
200611,SM478 Macrourus berglax,200321,26ffde,1064,126472,37990083
200612,SM479 Lycodes esmarkii,200342,f2ae24,1064,127103,37990083
200613,SM480 Gaidropsarus argentatus,200320,cb59ff,1064,126451,37990083
200614,SM481 Molva msp1,200320,cb59ff,1064,125744,37990083
200615,SM482 Sebastes msp1,200342,73ffa6,1064,126175,37990083
200616,SM483 Zoarcidae msp2,200342,e6a067,1064,125575,37990083
200617,SM484 Synagrops msp1,200230,55f25d,1064,159583,37990025
200618,SM485 Lepidorhombus boscii,200345,5b3df2,1064,127145,37990083
200619,SM486 Trachyrincus murrayi,200321,55d5f2,1064,126481,37990083
200620,SM487 Polyacanthonotus rissoanus,200334,18f252,1064,126645,11229901
200621,SM488 Coelorinchus labiatus,200321,d0f255,1064,280299,37990083
200622,SM489 Coryphaenoides guentheri,200321,ff596d,1064,158958,37990083
200623,SM490 Hoplostethus atlanticus,201006,1832f2,1064,126402,37990083
200624,SM491 Argentina striata,200246,e8f224,1064,158718,37990083
200625,SM492 Pontinus longispinis,200342,e6456d,1064,159555,37990025
200626,SM493 Bathypterois phenax,200250,8000ff,1064,126345,37990025
200627,SM494 Bathysaurus ferox,200250,24f251,1064,126369,37990025
200628,SM495 Coloconger meadi,200237,b8e622,1064,277416,37990025
200629,SM496 Gymnothorax maderensis,200237,f224ae,1064,126299,37990083
200630,SM497 Synaphobranchus msp1,200237,ffe173,1064,125656,11168910
200631,SM498 Aldrovandia oleosa,200334,9cf26d,1064,157881,11229903
200632,SM499 Nezumia cyrano,200321,e63962,1064,158743,37990083
200633,SM500 Macrouridae msp3,200321,26ffde,1064,125471,37990083
200634,SM501 Merluccius albidus,200322,33ddff,1064,158748,37990083
200635,SM502 Coryphaenoides mediterraneus,200321,ff73ff,1064,183099,37990083
200636,SM503 Cookeolus japonicus,200295,61f2a5,1064,127003,37990083
200637,SM504 Chaunax pictus,200319,0b5fe6,1064,126539,37990083
200638,SM505 Ositchthys trachypoma,200307,f2d561,1064,159399,37990083
200639,SM506 Bassozetus msp1,200337,247ef2,1064,125856,37990083
200640,SM507 Dibranchus atlanticus,200319,be50e6,1064,126558,11229903
200641,SM508 Xyelacyba myersi,200337,4dff85,1064,158779,37990083
200642,SM509 Pontinus rathbuni,200342,0be6ba,1064,159556,37990083
200643,SM511 Pontinus castor,200342,f06df2,1064,274682,37990083
200644,SM512 Liopropoma santi,200342,6dcaf2,1064,1007133,37990083
200645,SM513 Bembrops,200342,70ff33,1064,159841,37990028
200646,SM514 Neoepinnulaamericana,200361,80ffc1,1064,159712,37990030
200647,SM515 Grammicolepis brachiusculus,201017,e63d2e,1064,127420,37990028
200648,SM516 Chimaera opalescens,200267,f25a55,1064,712407,37990030
200649,SM517 Rajella lintea,200252,66ffb3,1064,1019159,11229903
200650,SM518 Hydrolagus affinis,200267,ff4dbe,1064,105825,37990016
200651,SM519 cf Neoraja,200252,463df2,1064,105765,37990030
200652,SM520 Squaliformes,200364,e6920b,1064,10211,37990016
200653,SM521 Rajidae,200252,e6ab0b,1064,105711,37000000
200654,SM522 Scyliorhinus retifer,200364,ffdd19,1064,158516,37990083
200655,SM523 Hexanchus griseus,200364,f224e5,1064,105833,37990025
200656,SM524 Myxini,200330,55f257,1064,10189,37990083
200657,SM525 Mora moro,200326,f20061,1064,126497,37990083
200658,SM526 Aldrovandia msp1,200334,f26d74,1064,125837,37990083
200659,SM527 Dicrolene,200337,18f22a,1064,159129,11229903
200660,SM528 Bassogigas gillii,200337,f2c600,1064,159063,37990083
200661,SM529 Ophidiidae msp1,200337,0d4dff,1064,125505,37990083
200662,SM530 Phenacoscorpius nebris,200342,f22824,1064,278866,37990083
200663,SM531 Cephalopholis fulva,200342,ff666e,1064,279148,37990083
200664,SM532 Hoplostethus occidentalis,201006,cd2ee6,1064,159415,37990028
200665,SM533 Polymixia msp2,200349,ff8c40,1064,126134,37990028
200666,SM534 Parazen pacificus,201017,22e65d,1064,221454,37990030
200667,SM535 Chimaera monstrosa,200267,ff1500,1064,105824,37990016
200668,SM536 Chimaeriformes msp1,200267,33d3ff,1064,10217,37990030
200669,SM537 Amblyraja hyperborea,200252,49f2ac,1064,105863,11229903
200670,SM538 Squaliformes,200364,4.59E+09,1064,10211,37990016
200671,SM539 Rajidae,200252,9b18f2,1064,105711,37990025
200672,SM540 Galeus,200364,ff3381,1064,105728,37990083
200673,SM541 Halosaurus guentheri,200334,acff59,1064,158557,37990083
200674,SM542 Moridae msp1,200326,baf249,1064,125474,37990083
200675,SM543 Lutjanus vivanus,200295,3d33ff,1064,159801,37990083
200676,SM544 Lopholatilus chamaeleonticeps,200295,79c6f2,1064,159406,37990083
200677,SM545 Laemonema barbatulum,200326,f20061,1064,158979,37990083
200678,SM546 Lepidion msp1,200326,884dff,1064,125768,37990025
200679,SM547 Gadiculus argenteus,200300,ff0db6,1064,126435,11229903
200680,SM548 Trisopterus msp1,200300,17e6b9,1064,125739,37990083
200681,SM549 Anguilliformes msp1,200237,e645e3,1064,10295,37990083
200682,SM550 Melanogrammus aeglefinus,200300,ff4096,1064,126437,37990025
200683,SM551 PleuronectiformesÂ msp2,200345,ff73c7,1064,10331,37990083
200684,SM552 Halosaurus ovenii,200334,ca18f2,1064,126641,37990083
200685,SM553 Conger msp1,200237,3071f2,1064,125624,37990083
200686,SM554 Bathypterois msp1,200250,d36df2,1064,125669,37990083
200687,SM555 Melodichthys hadrocephalus,200337,f230ef,1064,126659,37990083
200688,SM556 Actinopterygii msp2,200232,abe622,1064,10194,37990083
200689,SM557 Actinopterygii msp4,200232,f20c2b,1064,10194,11164000
200690,SM558 Paraliparis bathybius,200342,daf200,1064,127222,37990083
200691,SM559 Cottunculus microps,200342,ff150d,1064,127235,37990083
200692,SM560 Helicolenus dactylopterus,200342,ff920d,1064,127251,37990083
200693,SM561 Brosme brosme,200320,cb59ff,1064,126447,37990083
200694,SM562 Actinopterygii msp8,200232,7.27E+09,1064,10194,37990083
200695,SM563 Pleuronectiformes msp1,200345,e67573,1064,10331,37990083
200696,SM564 Microchirus variegatus,200345,f26db2,1064,274304,37990083
200697,SM565 Actinopterygii msp5,200232,cfe65c,1064,10194,37990083
200698,SM566 Neocyttus helgae,201017,66ffa6,1064,127423,37990083
200699,SM567 Coryphaenoides rupestris,200321,26ffde,1064,158960,11229903
200700,SM568 Antigonia msp1,200229,0cf2bd,1064,126242,37990083
200701,SM569 Symphysanodon berry,200230,8b30f2,1064,159831,37990083
200702,SM570 Ijimaia antillarum,200249,3de62e,1064,158739,37990083
200703,SM571 Bathysaurus mollis,200250,deff26,1064,126370,37990083
200704,SM572 Bathytyphlops,200250,f2c924,1064,125670,37990083
200705,SM573 Sladenia shaefersi,200319,59ff26,1064,282816,37990025
200706,SM574 Chlorophthalmus agassizi,200250,5.85E+09,1064,126336,37990025
200707,SM575 Beryx decadactylus,200253,f2da24,1064,126394,37990083
200708,SM576 Nemichthys curvirostris,200237,f230ec,1064,126305,37990083
200709,SM577 Pseudophichthys splendens,200237,55f272,1064,126290,11229903
200710,SM578 Actinopterygii msp7,200232,f2f061,1064,10194,37990083
200711,SM579 Molva molva,200320,cb59ff,1064,126461,37990083
200712,SM580 Trisopterus esmarkii,200300,ff0db6,1064,126444,37990083
200713,SM581 Phycis blennoiddes,200344,8a6df2,1064,126501,37990083
200714,SM582 Bathysaurus msp1,200250,5c87e6,1064,125684,37990083
200715,SM583 Actinopterygii msp1,200232,2496f2,1064,10194,37990083
200716,SM584 Lepidion eques,200326,f2830c,1064,126493,37990083
200717,SM585 Rouleina msp1,200235,f26dc1,1064,125882,37990083
200718,SM586 Centrodraco acanthopoma,200261,b9f26d,1064,126847,37990083
200719,SM587 Polylepion msp1,200295,f1ff33,1064,270475,11229903
200720,SM588 Coryphaenoides leptolepis,200321,26ffde,1064,158959,37990083
200721,SM589 Chaunacops roseus,200319,eef200,1064,280135,37990083
200722,SM590 Polymixia lowei,200349,c466ff,1064,158923,37990016
200723,SM591 Manducus maderensis,201003,ff0d59,1064,281518,37990083
200724,SM592 Dipturus cf. garricki,200252,0cf292,1064,271546,37990083
200725,SM593 Scyliorhinus boa,200364,fff126,1064,271369,37990083
200726,SM594 Neoscopelus microchir,200327,f2d13d,1064,126635,37990083
200727,SM595 Luciobrotula corethromycter,200337,f224b1,1064,158764,37990083
200728,SM596 Penopus microphthalmus,200337,df61f2,1064,217816,37990083
200729,SM597 Anthias woodsi,200342,456ae6,1064,273831,11168911
200730,SM598 Polymixia nobilis,200349,dbe667,1064,127163,11229903
200731,SM599 Hollardia hollardi,201005,e617bc,1064,281084,37990083
200732,SM600 Cyttopsis rosea,201017,3d58f2,1064,127425,37990030
200733,SM601 Oxynotus paradoxus,200364,ff0073,1064,105915,37990028
200734,SM602 Squaliformes,200364,f2557c,1064,10211,37990016
200735,SM603 Rajidae,200252,b9f255,1064,105711,37990016
200736,SM604 Rhinochimaera atlantica,200267,f2da00,1064,105830,37990028
200737,SM605 Galeus melastomus,200364,f459ff,1064,105812,37990016
200738,SM606 Squaliformes,200364,e63917,1064,10211,37990016
200739,SM607 Hydrolagus mirabilis,200267,61bdf2,1064,105826,11229903
200740,SM608 Galeus antillensis,200364,61dff2,1064,271354,37990016
200741,SM609 Scyliorhinus,200364,f2e30c,1064,105729,80000000
200742,SM610 Mustelus canis,200364,ffc380,1064,158518,37990016
200743,SM611 Syringammina fragilissima,200297,b6f23d,1064,137339,80000000
200744,SM619 Hypsogastropoda msp1,200302,26fffb,1064,411667,24000000
200745,SM620 Aeolidiidae msp1,200335,22e649,1064,192,24000000
200746,SM621 Gastropoda msp2,200302,e64b39,1064,101,24000000
200747,SM622 Pteropoda msp2,200302,22e649,1064,325345,24000000
200748,SM623 Danilia  msp1,200302,22e649,1064,138589,24000000
200749,SM624 Nudibranchia msp2,200335,f230d5,1064,1762,24000000
200750,SM625 Epitoniidae msp1,200302,cd50e6,1064,132,24000000
200751,SM626 Cerithium msp1,200302,22e649,1064,137760,24000000
200752,SM627 Capulus msp1,200302,f2ce18,1064,137729,11229903
200753,SM628 Tritoniidae msp1,200335,0c87f2,1064,183,24000000
200756,SM631 Trochoidea  msp2,200302,746df2,1064,138592,24000000
200757,SM632 Nudibranchia msp3,200335,3df26d,1064,1762,24000000
200758,SM633 Colus msp1,200302,40ff46,1064,137704,24000000
200759,SM634 Gastropoda msp1,200302,f26179,1064,101,24000000
200760,SM635 Trochoidea msp1,200302,f230cf,1064,156489,24000000
200761,SM636 Nudibranchia msp1,200335,99f26d,1064,1762,24000000
200762,SM637 Pteropoda msp1,200302,0b87e6,1064,325345,11229903
200763,SM638 Calliostoma cf. granulatum,200302,e61721,1064,141753,24000000
200764,SM639 Fusinus msp1,200302,2.25E+09,1064,138002,24000000
200765,SM640 Buccinum  msp1,200302,40ffcc,1064,137701,11168912
200766,SM641 Calliostoma msp1,200302,e65e5c,1064,138584,11168902
200767,SM642 Facelinidae msp1,200335,22e649,1064,191,11168902
200768,SM643 Paramuricea msp3,200347,0bc1e6,1064,125311,11168912
200769,SM644 Isididae  msp12,200313,f20c7b,1064,125276,11168902
200770,SM645 Jasonisis msp.3,200315,bf6df2,1064,759256,11168902
200771,SM646 Plumarella pourtalesii,200352,45e6bd,1064,177840,11168902
200772,SM647 Plexauridae msp4,200347,d9f249,1064,125277,11229903
200773,SM648 Gorgoniidae,200303,c600f2,1064,125275,11168902
200774,SM649 Chrysogorgia msp.5,200269,f20c2b,1064,125294,11168901
200775,SM650 Metallogorgia,200269,18adf2,1064,125296,11168902
200776,SM651 Primnoidae msp4,200352,e60b9d,1064,125278,11168902
200777,SM652 Plexaurella nutans,200346,bf6df2,1064,290819,11168901
200778,SM653 Paragorgia msp.5,200339,ffbe33,1064,125326,11168902
200779,SM654 Swiftia msp2,200347,8e6df2,1064,125314,11168902
200780,SM655 Lepidisis msp4,200315,e62c17,1064,125307,11168901
200781,SM656 cf. Chrysogorgiidae msp.2,200269,59ffba,1064,125273,11168912
200782,SM657 Swiftia cf. rosea,200347,f2b361,1064,125402,11229903
200783,SM658 Ellisella grandis,200291,e667a0,1064,291870,11168902
200784,SM659 Isidella msp.2,200315,0be630,1064,125305,11168902
200785,SM660 Acanella msp.2,200315,001aff,1064,125303,11168902
200786,SM661 Paragorgia cf. coralloides,200339,acf279,1064,286602,11168902
200787,SM662 Nicella msp.1,200291,f2e30c,1064,125299,11168912
200788,SM663 Paragorgia arborea,200339,f2bb6d,1064,125418,11168912
200789,SM664 Antillogorgia msp.1,200303,c600f2,1064,410474,11168901
200790,SM665 Dentomuricea cf. meteor,200347,49a0f2,1064,125381,11168901
200791,SM666 Placogorgia terceira,200347,30dff2,1064,125396,11168902
200792,SM667 Viminella flagellum,200291,460cf2,1064,125360,11229903
200793,SM668 Caribisis msp.1,200325,bf6df2,1064,267297,11168902
200794,SM669 Isidella msp.1,200315,6e67e6,1064,125305,11168902
200795,SM670 Acanella arbuscula,200315,79b0f2,1064,125371,11168912
200796,SM671 Paragorgia msp7,200339,496bf2,1064,125326,11168905
200797,SM672 Viminella msp.1,200291,f28e3d,1064,125300,11168912
200798,SM673 Placogorgia msp1,200347,f2cf30,1064,125312,11168902
200799,SM674 Pseudoplexaura msp1,200347,73a8e6,1064,267779,11168912
200800,SM675 Callogorgia msp1,200352,420be6,1064,125317,11168902
200801,SM676 Acanthogorgia msp.1,200228,bf6df2,1064,125293,11168901
200802,SM677 Corallium msp.3,200276,ffb773,1064,125325,11229903
200803,SM678 Narella msp1,200352,2.27E+09,1064,125319,11168901
200804,SM679 Narella spectabilis,200352,f2d861,1064,286531,11168912
200805,SM680 Radicipes msp.2,200269,ff73c9,1064,125297,11168902
200806,SM681 Paragorgia msp6,200339,a8f230,1064,125326,11168902
200807,SM682 Corallium msp.2,200276,ff5993,1064,125325,11168902
200808,SM683 Primnoidae msp2,200352,3be60b,1064,125278,11168902
200809,SM684 Isididae  msp10,200313,a2f218,1064,125276,11168902
200810,SM685 Jasonisis msp.2,200315,98f249,1064,759256,11168901
200811,SM686 Eknomisis  msp.1,200315,59ff78,1064,759254,11168902
200812,SM687 Acanella msp.3,200315,73ffff,1064,125303,11229901
200813,SM688 Narella versluysi,200352,3064f2,1064,125409,11168912
200814,SM689 Paracalyptrophora josephinae,200352,5ef23d,1064,125410,11168912
200815,SM690 Paragorgia johnsoni,200339,0ca9f2,1064,125419,11168902
200816,SM691 Hemicorallium niobe,200276,61f23d,1064,1311257,11168902
200817,SM692 Eunicea msp.1,200347,f27255,1064,291322,11168902
200818,SM693 Keratoisis msp.3,200315,39e68a,1064,125306,11168902
200819,SM694 Paragorgia msp4,200339,7ef218,1064,125326,11168902
200820,SM695 Chrysogorgia msp.6,200269,6a55f2,1064,125294,11168905
200821,SM696 Plexauridae msp2,200347,61f2ed,1064,125277,11168912
200822,SM697 Narella pauciflora,200352,ff9959,1064,286530,11168919
200823,SM698 Chrysogorgiidae msp.1,200269,91e667,1064,125273,11229903
200824,SM699 Paramuricea msp8,200347,55f2e8,1064,125311,11168902
200825,SM700 Plexauridae msp6,200347,26ff35,1064,125277,11168912
200826,SM701 Callogorgia verticillata,200352,f2de49,1064,125405,11168902
200827,SM702 Acanthogorgia hirsuta,200228,f20c3a,1064,125349,11168912
200828,SM703 Pleurocorallium johnsoni,200276,db55f2,1064,1311281,11168912
200829,SM704 Paragorgia msp3,200339,f20ccc,1064,125326,11168902
200830,SM705 Corallium msp.1,200276,e2f230,1064,125325,11168905
200831,SM706 Paramuricea placomus,200347,f255d3,1064,125390,11168902
200832,SM707 Plexauridae msp1,200347,a6f249,1064,125277,11229903
200833,SM708 Chrysogorgia msp.1,200269,18b1f2,1064,125294,11168902
200834,SM709 Primnoa msp.1,200352,ffb866,1064,125321,11168902
200835,SM710 Acanella msp.1,200315,ff596f,1064,125303,11168902
200836,SM711 Primnoidae msp1,200352,f2ed61,1064,125278,11168912
200837,SM712 Plexauridae msp5,200347,0be666,1064,125277,11168905
200838,SM713 Isididae  msp11,200313,5ca3e6,1064,125276,11168901
200839,SM714 Placogorgia cf. terceira,200347,17e66a,1064,125396,11168901
200840,SM715 Thouarella (Euthouarella) cf. grasshoffi,200352,be55f2,1064,286561,11168901
200841,SM716 Iridogorgia fontinalis,200269,ffe626,1064,286153,11168902
200842,SM717 Lepidisis msp1,200315,f20cdf,1064,125307,11229903
200843,SM718 Lepidisis msp2,200315,18f252,1064,125307,11168902
200844,SM719 Jasonisis thresheri,200315,8ef23d,1064,759257,11168902
200845,SM720 Isididae msp1,200313,f224b1,1064,125276,11168901
200846,SM721 Isididae msp5,200313,f261ed,1064,125276,11168902
200847,SM722 Isididae msp3,200313,8d79f2,1064,125276,11168902
200848,SM723 Isididae msp4,200313,63ff33,1064,125276,11168912
200849,SM724 Isididae msp6,200313,ff26b3,1064,125276,11168912
200850,SM725 Swiftia  msp.1,200347,e63617,1064,125401,11168912
200851,SM726 Paramuricea msp4,200347,00f204,1064,125311,11168912
200852,SM727 Paramuricea msp5,200347,61f2c2,1064,125311,11229903
200853,SM728 Paragorgia cf. johnsoni,200339,ba66ff,1064,125419,11168901
200854,SM729 Paramuricea msp7,200347,ff0019,1064,125311,11168902
200855,SM730 Cladarisis msp.1,200315,73e8ff,1064,955277,11168912
200856,SM731 Chrysogorgia msp.4,200269,d8e645,1064,125294,11168902
200857,SM732 Ellisella atlantica / elongata,200291,f29849,1064,292603,11168905
200858,SM733 Gorgonia ventalina,200303,00c6f2,1064,290045,11168902
200859,SM734 Hypnogorgia msp.1,200347,33e0ff,1064,267496,11168902
200860,SM735 Plexaura homomalla,200347,3dd1f2,1064,290797,11168901
200861,SM736 Plexauridae msp3,200347,cc0cf2,1064,125277,11168902
200862,SM737 Thouarella (Euthouarella) hilgendorfi,200352,d349f2,1064,125413,11164000
200863,SM738 Lepidisis msp5,200315,f29e0c,1064,125307,11168905
200864,SM739 Paragorgia msp2,200339,e617d8,1064,125326,11168902
200865,SM740 Chrysogorgia msp.3,200269,39e6bd,1064,125294,11168912
200866,SM741 Keratoisis msp.2,200315,3c19ff,1064,125306,11168912
200867,SM742 Paramuricea msp2,200347,9ae617,1064,125311,11168912
200868,SM743 Paragorgia msp1,200339,24f25f,1064,125326,11168902
200869,SM744 Paramuricea msp6,200347,49f254,1064,125311,11168902
200870,SM745 Paramuricea msp1,200347,182ef2,1064,125311,11168902
200871,SM746 Isididae msp7,200313,ff7d66,1064,125276,11168901
200872,SM747 Isididae msp2,200313,59ff5c,1064,125276,11229903
200873,SM748 Candidella imbricata,200352,f224d7,1064,125406,11168902
200874,SM749 Lepidisis msp3,200315,0d86ff,1064,125307,11168901
200875,SM750 Keratoisis msp.1,200315,f24998,1064,125306,11168902
200876,SM751 Radicipes msp.1,200269,7d6df2,1064,125297,11168902
200877,SM752 Chrysogorgia msp.2,200269,55f2d0,1064,125294,11168902
200878,SM753 Jasonisis msp.1,200315,e650a2,1064,759256,11168905
200879,SM754 Primnoidae msp5,200352,b940ff,1064,125278,11168912
200880,SM755 Isididae  msp8,200313,f24a24,1064,125276,11168902
200881,SM756 Chrysogorgia agassizi,200269,3051f2,1064,125351,11168912
200882,SM757 Hemicorallium tricolor,200276,ff7a66,1064,1311264,11229903
200883,SM758 Isidella lofotensis,200315,55cbf2,1064,125374,11168912
200884,SM759 Placogorgia cf. graciosa,200347,e62eae,1064,125393,11168902
200885,SM760 Narella bellissima,200352,6d95f2,1064,177838,11168912
200886,SM761 Acanthogorgia armata,200228,2.20E+09,1064,125348,11168902
200887,SM762 Briareidae msp.1,200257,7130f2,1064,266946,11168902
200888,SM764 Isididae msp9,200313,f29c24,1064,125276,11168902
200889,SM765 Primnoa resedaeformis,200352,e62249,1064,125411,36110000
200890,SM766 Primnoidae msp3,200352,24f224,1064,125278,25400901
200891,SM768 Enteropneusta,200304,dfe65c,1064,1820,25400901
200892,SM769 Elpidiidae msp2,200292,e64550,1064,123191,25400901
200893,SM770 Dendrochirotida,200309,3df2b9,1064,123111,25400901
200894,SM771 Kolga nana,200292,79a2f2,1064,741408,25400901
200895,SM772 Peniagone azorica,200292,6c0cf2,1064,124734,25400901
200896,SM773 Isostichopus badionotus,200309,ffa759,1064,367868,25400901
200897,SM774 Holothuroidea msp5,200309,ffec40,1064,123083,25400901
200898,SM775 Holothuroidea msp3,200309,49f254,1064,123083,25400901
200899,SM776 Scotoplanes,200292,f2555a,1064,123520,25400901
200900,SM777 Benthodytes,200309,9979f2,1064,123529,11229903
200901,SM778 Elpidiidae msp3,200292,7e30f2,1064,123191,25400901
200902,SM779 Holothuroidea msp4,200309,1b0cf2,1064,123083,25400901
200903,SM780 Psychropotes depressa,200309,3034f2,1064,124774,25400901
200904,SM781 Peniagone,200292,52ff4d,1064,123515,25400901
200905,SM782 Benthogone,200309,d70cf2,1064,124752,25400901
200906,SM783 Bathyplotes natans,200309,ff7383,1064,124549,25400901
200907,SM784 Laetmogone violacea,200309,58e60b,1064,124756,25400901
200908,SM785 Elpidiidae msp4,200292,d70cf2,1064,123083,25400901
200909,SM786 Elpidia glacialis,200292,d70cf2,1064,124726,25400901
200910,SM787 Mesothuria intestinalis,200309,c233ff,1064,816800,11229903
200911,SM788 Elpidiidae msp1,200292,e6d067,1064,123191,25400901
200912,SM789 Zygothuria lactea,200309,b345e6,1064,124592,25400901
200913,SM790 Holothuroidea msp1,200309,d70cf2,1064,123083,25400901
200914,SM791 Parastichopus tremulus,200309,4df20c,1064,124535,11001000
200915,SM792 Oneirophanta,200309,f23a30,1064,123508,11001000
200916,SM793 Psolus squamatus,200309,d70cf2,1064,124713,11001000
200917,SM794 Tubulariidae  msp.2,201008,6426ff,1064,1603,11001000
200918,SM795 Tubularia  msp.1,201008,f2ed61,1064,117258,11001000
200919,SM796 Hydrozoa  msp.10,200318,e60008,1064,1337,11001000
200920,SM797 Ptychogastria polaris,201007,6dff59,1064,117846,11168919
200921,SM798 Hydrozoa  msp.8,200318,ff4d5e,1064,1337,11164000
200922,SM799 Tubulariidae  msp.1,201008,d773ff,1064,1603,11001000
200923,SM800 Hydrozoa  msp.4,200318,40dcff,1064,1337,11001000
200924,SM801 Corymorphidae  msp.1,200278,0cf2df,1064,1598,11001000
200925,SM802 Nemertesia ramosa,200318,6dff59,1064,117815,11001000
200926,SM803 Hydrozoa  msp.7,200318,73ffe1,1064,1337,11001000
200927,SM804 Hydrozoa  msp.5,200318,f5ff66,1064,1337,11077906
200928,SM805 Corymorpha   msp.1,200278,492ee6,1064,117059,11001000
200929,SM806 Candelabrum  msp.1,200262,6dff59,1064,117046,11001000
200930,SM807 Pliobothrus  msp.1,201004,e6d30b,1064,117244,11229903
200931,SM808 Rhodaliidae  msp.1,200366,6dff59,1064,135350,11001000
200932,SM809 Hydrozoa  msp.2,200318,d218f2,1064,1337,11077906
200933,SM810 Hydrozoa  msp.3,200318,f23918,1064,1337,11001000
200934,SM811 Stylaster erubescens,201004,18f21f,1064,117964,11001000
200935,SM812 Hydrozoa msp.6,200318,24f2eb,1064,1337,11077906
200936,SM813 Rhodaliidae  msp.2,200366,ff59fc,1064,135350,11001000
200937,SM814 Hydrozoa  msp.9,200318,4962f2,1064,1337,11077906
200938,SM815 Stylasteridae  msp.2,201004,a9f255,1064,22805,11001000
200939,SM816 Corymorphidae  msp.2,200278,89e617,1064,1598,11001000
200940,SM817 Stylasteridae  msp.3,201004,bbe62e,1064,22805,11229903
200941,SM818 Hydrozoa  msp.13,200318,74f230,1064,1337,11001000
200942,SM819 Corymorpha  msp.2,200278,00f289,1064,117059,11001000
200943,SM820 Hydrozoa  msp.12,200318,e6842e,1064,1337,11001000
200944,SM821 Leptothecata  msp.4,200318,f2dc18,1064,13552,11001000
200945,SM822 Leptothecata  msp.1,200318,30f26b,1064,13552,11001000
200946,SM823 Hydrozoa  msp.1,200318,24e8f2,1064,1337,11077906
200947,SM824 Hydrozoa  msp.11,200318,57f230,1064,1337,11077906
200948,SM825 Leptothecata  msp.3,200318,8fe617,1064,13552,11001000
200949,SM826 Stylasteridae  msp.1,201004,ff5340,1064,22805,13000000
200950,SM827 Stylaster  msp.1,201004,4951f2,1064,117246,11229903
200951,SM828 Leptothecata  msp.5,200318,f23d3d,1064,13552,25160901
200952,SM829 Nemertea,200331,45e66d,1064,152391,25160901
200953,SM857 Funiculina,200299,e62e65,1064,128490,11229903
200954,SM858 Protoptilum,200353,e645c3,1064,128498,11168918
200955,SM859 Virgularia,201015,494ef2,1064,128503,11168918
200956,SM860 Pennatula phosphorea,200341,223ce6,1064,128517,11168918
200957,SM861 Ptilella,200341,bf00e6,1064,158291,11168918
200958,SM862 Anthoptilum msp2,200240,66b5ff,1064,128489,11168918
200959,SM863 Ptilella grayi,200341,59ff8b,1064,1379629,11168918
200960,SM864 Pennatula,200341,f2c279,1064,128495,11168918
200961,SM865 Anthoptilum,200240,fff019,1064,128489,11168918
200962,SM866 Funiculina quadrangularis,200299,b2f26d,1064,128506,11168918
200963,SM867 Distichoptilum gracile,200353,beff19,1064,128524,11229903
200964,SM868 Ptilella grandis,200341,ffef73,1064,1379630,11168918
200965,SM869 Anthoptilum msp1,200240,5567f2,1064,128489,11168918
200966,SM870 Kophobelemnon msp2,200316,248ff2,1064,128492,11168918
200967,SM871 Kophobelemnon msp1,200316,a2f279,1064,128492,80600901
200968,SM872 Halipteris finmarchica,200251,61bdf2,1064,128509,23100000
200969,SM873 Umbellula,201010,630be6,1064,128499,23000000
200970,SM874 Phoronida,200343,61b3f2,1064,1789,23100000
200971,SM875 Polyplacophora msp1,200350,6df2dc,1064,55,10000902
200972,SM876 Pulsellidae,200357,9e67e6,1064,2096,10000902
200973,SM877 Stenosemus exaratus,200350,590cf2,1064,386014,11229903
200974,SM1155 Periphylla periphylla,200362,2800f2,1064,135294,11120000
200975,SM1156 Scyphozoa msp1,200362,e6b367,1064,135220,11120000
200976,SM1159 Stauromedusae  sp. 1,201002,a866ff,1064,135226,80600903
200977,SM1160 Lucernaria bathyphila,201002,1cf218,1064,135325,80600903
200978,SM1161 Polycarpa msp1,201009,66bdff,1064,103538,35000903
200979,SM1162 Ascidiacea msp18,201009,61f230,1064,1839,35000902
200980,SM1163 Ascidiacea msp8,201009,40acff,1064,1839,35000902
200981,SM1164 Ascidiacea msp14,201009,e930f2,1064,1839,35000902
200982,SM1165 Ascidiacea msp3,201009,c1e60b,1064,1839,35000903
200983,SM1166 Ascidiacea msp7,201009,c5f23d,1064,1839,35000902
200984,SM1167 Ascidiacea msp1,201009,6a55f2,1064,1839,35000902
200985,SM1168 Ascidiacea msp2,201009,ff73c2,1064,1839,35000902
200986,SM1169 Ascidiacea msp4,201009,69f200,1064,1839,35000902
200987,SM1170 Ascidiacea msp13,201009,18b8f2,1064,1839,35000902
200988,SM1171 Ascidiacea msp9,201009,f26d6f,1064,1839,35000902
200989,SM1172 Ascidiacea msp17,201009,e6c267,1064,1839,35000902
200990,SM1173 Kukenthalia borealis,201009,0ca2f2,1064,103893,35000903
200991,SM1174 Corella parrallelogramma,201009,91e650,1064,103743,35000902
200992,SM1175 Ascidiacea msp12,201009,334eff,1064,1839,35000902
200993,SM1176 Ascidiacea msp5,201009,ce3df2,1064,1839,35000901
200994,SM1177 Ascidiacea msp10,201009,cbff0d,1064,1839,35000902
200995,SM1178 Ascidiacea msp6,201009,f218b8,1064,1839,35000902
200996,SM1179 Ascidiacea msp16,201009,c261f2,1064,1839,35000902
200997,SM1180 Ascidiacea msp15,201009,0be69d,1064,1839,35000902
200998,SM1181 Ascidiacea msp11,201009,18f2a6,1064,1839,35000902
201002,Staurozoa,200275,1cf218,1064,265044,80600903
201003,Stomiiformes,200232,50e639,1064,10306,37990083
201004,Stylasteridae,200311,e6d30b,1064,22805,11077000
201005,Tetraodontiformes,200232,e617bc,1064,10332,37990083
201006,Trachichthyiformes,200232,f23db9,1064,1517487,37990083
201007,Trachymedusae,200311,6dff59,1064,16350,11000901
201008,Tubulariidae,200311,f2ed61,1064,1603,11001000
201009,Tunicata,200268,66bdff,1064,146420,35000000
201010,Umbellulidae,200340,630be6,1064,128486,11168918
201014,Vertebrata,200268,0cf2bd,1064,146419,80000000
201015,Virgulariidae,200340,494ef2,1064,128488,11168918
201016,Xeniidae,200233,bf6df2,1064,125271,11168901
201017,Zeiformes,200232,e63d2e,1064,10919,37990083
201019,Crust-like,200351,0cd0f2,1064,558,10000909
201020,Encrusting,201019,0cd0f2,1064,558,10000902
201021,Endolithic bioeroding,201019,0cd0f2,1064,558,10000921
201022,Blue,201020,0cd0f2,1064,558,10000902
201023,Orange,201020,b355f2,1064,558,10000902
201024,Pale,201020,595fff,1064,558,10000902
201025,Red_purple,201020,e03df2,1064,558,10000902
201026,Yellow,201020,24f270,1064,558,10000902
201027,SM918 Hymedesmia (Hymedesmia) curvichela,201022,0cd0f2,1064,133564,10000903
201028,SM1013 Porifera  encrusting msp 16,201022,3df28b,1064,558,10000902
201029,SM1042 Porifera,201022,ff7375,1064,558,10000902
201030,SM1074 Demospongiae msp2,201023,b355f2,1064,164811,10000902
201031,SM1029 Porifera  encrusting msp 3,201023,b1ff33,1064,558,10000902
201032,SM1043 Porifera Orange Encrusting,201023,f261b3,1064,558,10000902
201033,SM1097 Porifera  encrusting msp 38,201023,8ff249,1064,558,10000902
201034,SM1110 Porifera  encrusting msp 32,201023,006fe6,1064,558,10000902
201035,SM878 Porifera  encrusting msp 34,201023,f255e8,1064,558,10000902
201036,SM966 Porifera  encrusting msp 44,201023,a939e6,1064,558,10000903
201037,SM1090 Tetractinellida msp75,201024,595fff,1064,597812,10000902
201038,SM917 Tetractinellida msp19,201024,f2d279,1064,597812,11229903
201039,SM1069 Demospongiae msp10,201024,ff4f19,1064,164811,10000902
201040,SM1075 Demospongiae msp9,201024,f218eb,1064,164811,10000902
201041,SM882 Demospongiae msp8,201024,08f200,1064,164811,10000902
201042,SM925 Demospongiae msp7,201024,67ade6,1064,164811,10000903
201043,SM1001 Porifera  encrusting msp 28,201024,27f218,1064,558,10000902
201044,SM1007 Porifera  encrusting msp 22,201024,2469f2,1064,558,10000902
201045,SM1010 Porifera  encrusting msp 20,201024,de49f2,1064,558,10000902
201046,SM1012 Porifera  encrusting msp 18,201024,94ff66,1064,558,10000902
201047,SM1014 Porifera  encrusting msp 14,201024,e60b16,1064,558,10000902
201048,SM1016 Porifera  encrusting msp 11,201024,f2b124,1064,558,10000902
201049,SM1022 Porifera  encrusting msp 13,201024,e67839,1064,558,10000902
201050,SM1026 Porifera  encrusting msp 5,201024,ff8095,1064,558,10000902
201051,SM1037 Porifera Grey Encrusting,201024,84f255,1064,558,10000902
201052,SM1038 Porifera  encrusting msp 1,201024,a061f2,1064,558,10000902
201053,SM1092 Porifera  encrusting msp 2 / Cyamon spinispinosum,201024,59fff1,1064,558,10000902
201054,SM1094 Porifera  encrusting msp 7,201024,40ffaf,1064,558,10000902
201055,SM1101 Porifera  encrusting msp 4,201024,ffbf66,1064,558,10000902
201056,SM1112 Porifera  encrusting msp 42,201024,62f249,1064,558,10000902
201057,SM1114 Porifera  encrusting msp 29,201024,6191f2,1064,558,10000902
201058,SM1115 Porifera  encrusting msp 30,201024,e6af50,1064,558,10000902
201059,SM1117 Porifera  encrusting msp 41,201024,f218f2,1064,558,10000902
201060,SM1118 Porifera  encrusting msp 9,201024,e62f17,1064,558,10000902
201061,SM1120 Porifera  encrusting msp 27,201024,aa24f2,1064,558,10000902
201062,SM879 Porifera  encrusting msp 19,201024,5ff249,1064,558,10000903
201063,SM892 Porifera  encrusting msp 45,201024,f2ae61,1064,558,10000910
201064,SM904 Porifera  encrusting msp 23,201024,caf26d,1064,558,10000913
201065,SM905 Porifera Cream Encrusting,201024,68f218,1064,558,10000903
201066,SM913 Porifera  encrusting msp 39 / Hexadella dedritifiera?,201024,55f2b3,1064,558,10000910
201067,SM932 Porifera msp68,201024,553df2,1064,558,10000913
201068,SM940 Porifera Green Ecnrusting,201024,8df218,1064,558,10000913
201069,SM971 Porifera White Encrusting,201024,185df2,1064,558,10000903
201070,SM976 Porifera Pink Encrusting,201024,2318f2,1064,558,10000902
201071,SM979 Porifera  encrusting msp 26,201024,8a61f2,1064,558,10000903
201072,SM980 Porifera  encrusting msp 40,201024,f26dad,1064,558,10000903
201073,SM985 Porifera  encrusting msp 31,201024,18f290,1064,558,10000902
201074,SM987 Porifera  encrusting msp 36,201024,40a3ff,1064,558,11229903
201075,SM998 Porifera  encrusting msp 25,201024,8749f2,1064,558,10000902
201076,SM1008 Porifera  encrusting msp 21,201025,e03df2,1064,558,10000902
201077,SM1027 Porifera  encrusting msp 8,201025,c4f279,1064,558,10000902
201078,SM1086 Porifera Red Encrusting,201025,f2e824,1064,558,10000902
201079,SM988 Porifera Purple Encrusting,201025,ff8f26,1064,558,10000903
201080,SM938 Hexadella dedritifera,201026,24f270,1064,169682,10000902
201081,SM883 Demospongiae msp3,201026,f2bf61,1064,164811,10000903
201082,SM885 Demospongiae msp4,201026,b2f26d,1064,164811,10000903
201083,SM887 Demospongiae msp5,201026,676ee6,1064,164811,11229903
201084,SM1002 Porifera Yellow Encrusting,201026,0d5eff,1064,558,10000902
201085,SM1003 Porifera  encrusting msp 24,201026,f23430,1064,558,10000902
201086,SM1009 Porifera  encrusting msp 17,201026,f2c230,1064,558,10000902
201087,SM1015 Porifera  encrusting msp 12,201026,f2ae55,1064,558,10000902
201088,SM1076 Porifera  encrusting msp 15,201026,f261dc,1064,558,10000902
201089,SM1100 Porifera  encrusting msp 10,201026,67a6e6,1064,558,10000902
201090,SM1105 Porifera  encrusting msp 33,201026,f26dc4,1064,558,10000902
201091,SM880 Porifera  encrusting msp 35,201026,e6505f,1064,558,10000902
201092,SM914 Porifera  encrusting msp46 occ lowlying massive,201026,c50be6,1064,558,10000902
201093,SM968 Porifera Yellow Encrusting,201026,510be6,1064,558,10000903
201094,SM989 Porifera  encrusting msp 37,201026,e62e90,1064,558,10000903
201095,SM1113 Porifera  boring msp 1,201021,0cd0f2,1064,558,10000921
201096,SM960 Porifera  boring msp 3,201021,f2740c,1064,558,10000903
201097,SM964 Porifera  boring msp 2,201021,2c17e6,1064,558,10000903
201098,SM995 Porifera  boring msp 4,201021,f26de0,1064,558,10000902
201099,Cup-like,200351,0cd0f2,1064,558,10000909
201100,Cups,201099,0cd0f2,1064,558,10000910
201101,Tube-like forms,201099,f2d879,1064,558,10000911
201102,SM1049 Axinella infundibuliformis,201100,0cd0f2,1064,132480,10000910
201103,SM1060 Haliclona (Halichoclona) magna,201100,33f8ff,1064,166581,10000910
201104,SM1051 Geodia atlantica,201100,5b3df2,1064,134022,10000910
201105,SM916 Sympagella,201100,61bdf2,1064,132113,10000903
201106,SM889 Chonelasma choanoides,201100,82e650,1064,171662,10000903
201107,SM902 Hexactinellida msp70,201100,f26183,1064,22612,10000902
201108,SM1006 Porifera cup msp 3,201100,f224b4,1064,558,10000910
201109,SM1032 Porifera msp17,201100,e6ae22,1064,558,10000910
201110,SM1054 Porifera msp56,201100,f25565,1064,558,10000910
201111,SM895 Porifera  cup msp 3,201100,f26163,1064,558,10000903
201112,SM982 Porifera cup msp 2,201100,94f218,1064,558,10000902
201113,SM1087 Regadrella phoenix,201101,f2d879,1064,134405,10000911
201114,SM951 Regadrella  msp1,201101,f25594,1064,132117,10000911
201115,SM936 Euplectellidae,201101,81ff33,1064,131692,10000903
201116,SM923 Asconema,201101,67e6ab,1064,132122,10000905
201117,SM954 Rossellinae,201101,7761f2,1064,171965,10000913
201118,SM1055 Porifera msp18,201101,d0ff73,1064,558,10000911
201119,SM1057 Poriferia msp3,201101,3cff26,1064,558,10000911
201120,SM930 Porifera msp65,201101,e6178f,1064,558,10000903
201121,SM950 Porifera msp8,201101,17e655,1064,558,10000913
201122,SM996 Porifera tube msp 1,201101,e555f2,1064,558,10000911
201123,SM999 Porifera tube msp 2,201101,5589f2,1064,558,10000911
201124,Erect,200351,0cd0f2,1064,558,10000912
201125,Carnivorous,201124,0cd0f2,1064,558,10000912
201126,One-dimensional simple,201124,7a0dff,1064,558,10000916
201127,Stalked,201124,f28c55,1064,558,10000906
201128,Three-dimensional Branching,201124,3399ff,1064,558,10000915
201129,Two-dimensional lamellate,201124,e645ab,1064,558,10000913
201130,SM1017 Chondrocladia (Chondrocladia) grandis,201125,0cd0f2,1064,1023293,10000912
201131,SM1035 Lycopodina lycopodium,201125,f279e6,1064,863531,10000912
201132,SM1088 Porifera msp63,201126,7a0dff,1064,558,10000916
201133,SM1033 Hyalonema msp3,201127,f28c55,1064,132096,10000906
201134,SM1052 Hyalonema  msp4,201127,55f25f,1064,132096,10000906
201135,SM1066 Hyalonema msp2,201127,f29018,1064,132096,10000906
201136,SM931 Hyalonema msp1,201127,45d8e6,1064,132096,10000905
201137,SM937 Hyalonema  msp5,201127,79f279,1064,132096,11229903
201138,SM1071 Caulophacus (Caulophacus) arcticus,201127,ff335c,1064,134398,10000906
201139,SM1096 Porifera  massive fig msp2,201127,a06df2,1064,558,10000906
201140,SM1104 Porifera  massive fig msp 1,201127,c9f224,1064,558,10000906
201141,SM1063 Porifera  branching-erect msp 3,201128,3399ff,1064,558,10000915
201142,SM912 Porifera  branching-erect msp 1 / Antho dichotoma,201128,6a3df2,1064,558,10000913
201143,SM948 Porifera msp15,201128,e62ec1,1064,558,10000911
201144,SM958 Porifera msp9,201128,49f2b1,1064,558,10000921
201145,SM977 Porifera  branching-erect msp 2,201128,73c3e6,1064,558,11229903
201146,SM893 Axinella  msp1,201129,e645ab,1064,131774,10000903
201147,SM907 Axinella  msp3,201129,e6c42e,1064,131774,11229903
201148,SM935 Axinella cf. infundibuliformis,201129,24f28b,1064,132480,10000902
201149,SM1077 Phakellia,201129,5557f2,1064,131779,10000913
201150,SM1065 Desmacella informis,201129,f23051,1064,133212,10000913
201151,SM1023 Geodia pachydermata,201129,c2ff26,1064,597246,10000913
201152,SM1078 Poecillastra compressa,201129,3df288,1064,134083,10000913
201153,SM911 Poecillastra compressa,201129,45e65d,1064,134083,10000902
201154,SM943 Poecillastra compressa,201129,82f218,1064,134083,10000903
201155,SM1089 Tetractinellida msp15,201129,6ff261,1064,597812,10000913
201156,SM921 Tetractinellida msp16,201129,f2823d,1064,597812,10000903
201157,SM1019 Demospongiae msp12,201129,f20c0c,1064,164811,10000913
201158,SM953 Demospongiae msp3,201129,59ff96,1064,164811,10000903
201159,SM997 Demospongiae msp3,201129,cf50e6,1064,164811,10000913
201160,SM1045 Hexactinellida msp50,201129,f28124,1064,22612,10000913
201161,SM1000 Porifera  lamellate msp 4,201129,8.42E+09,1064,558,10000913
201162,SM1025 Poriferia msp2,201129,6df2e0,1064,558,10000913
201163,SM1034 Porifera  lamellate msp 5,201129,e6b567,1064,558,10000913
201164,SM1036 Porifera msp3,201129,73e69f,1064,558,10000913
201165,SM1046 Porifera  lamellate msp 11,201129,f27f79,1064,558,10000913
201166,SM1059 Poriferia msp1,201129,80ff99,1064,558,10000913
201167,SM1072 Porifera  lamellate msp 7,201129,f2d43d,1064,558,10000913
201168,SM1106 Porifera  lamellate msp 1,201129,5c83e6,1064,558,10000913
201169,SM1109 Porifera  lamellate msp 8,201129,55f26f,1064,558,10000913
201170,SM1116 Porifera  lamellate msp 10,201129,e639dd,1064,558,10000913
201171,SM1119 Porifera msp 58,201129,f28d18,1064,558,10000913
201172,SM890 Porifera msp10,201129,61aef2,1064,558,10000913
201173,SM915 Porifera msp7,201129,baf249,1064,558,10000902
201174,SM947 Porifera msp16,201129,8f17e6,1064,558,11229903
201175,SM949 Porifera msp14,201129,40ff19,1064,558,10000911
201176,SM957 Porifera msp53,201129,5.06E+09,1064,558,11229903
201177,SM972 Porifera  lamellate msp 9,201129,ff1940,1064,558,10000913
201178,SM975 Porifera  lamellate msp 3,201129,0bd3e6,1064,558,10000903
201179,SM984 Porifera  lamellate msp 2,201129,e6457d,1064,558,10000902
201181,Massive,200351,0cd0f2,1064,558,10000903
201182,Balls,201181,0cd0f2,1064,558,10000905
201183,SM934 Stelletta grubeii,201182,0cd0f2,1064,133974,10000906
201184,SM909 Geodia barretti spherical,201182,0d39ff,1064,134023,10000913
201185,SM1018 Craniella,201182,21e60b,1064,132093,10000905
201186,SM1099 Craniella longipilis,201182,d70cf2,1064,293252,10000905
201187,SM926 Thenea muricata,201182,61b6f2,1064,134106,10000903
201188,SM1040 Demospongiae msp4,201182,cd17e6,1064,164811,10000905
201189,SM899 Pheronema carpenteri,201182,c2ff66,1064,134378,10000905
201190,SM900 Pheronema  msp1,201182,a139e6,1064,132098,10000903
201191,SM941 Pheronema  msp2,201182,2e46e6,1064,132098,10000903
201192,SM1031 Porifera spherical msp 1,201182,f2cf6d,1064,558,10000905
201193,SM961 Porifera spherical msp4,201182,0b83e6,1064,558,10000921
201194,SM910 Oceanapia robusta,201181,0cd0f2,1064,132946,10000902
201195,SM1024 Haplosclerida msp1,201181,66b5ff,1064,131598,10000903
201196,SM1058 Haplosclerida msp2,201181,710be6,1064,131598,10000903
201197,SM1041 Lissodendoryx (Ectyodoryx) diversichela,201181,19ff88,1064,133432,10000903
201198,SM897 Mycale lingua,201181,f2d361,1064,168640,11168910
201199,SM939 Mycale,201181,6bf261,1064,131907,10000905
201200,SM901 Poecilosclerida msp1,201181,24f2d7,1064,131599,10000902
201201,SM1039 Polymastia,201181,dee60b,1064,132046,10000903
201202,SM1079 Polymastia arctica,201181,49f24c,1064,170625,10000903
201203,SM924 Spinularia spinularia,201181,835ce6,1064,134223,10000903
201204,SM919 Weberella bursa,201181,f2d861,1064,134232,10000913
201205,SM1053 Polymastiidae,201181,e64d0b,1064,131673,10000903
201206,SM1067 Polymastiidae,201181,e6ab22,1064,131673,10000903
201207,SM1111 Polymastiidae,201181,9c55f2,1064,131673,10000903
201208,SM928 Stelletta normani,201181,00f200,1064,133980,10000911
201209,SM1095 Stryphnus fortis,201181,e6cf50,1064,133988,10000903
201210,SM896 Leiodermatium,201181,f23054,1064,132086,10000905
201211,SM1020 Geodia barretti,201181,7455f2,1064,134023,10000903
201212,SM1021 Geodia atlantica,201181,0dffbe,1064,134022,10000903
201213,SM1061 Geodia megastrella,201181,ff0d39,1064,134034,10000903
201214,SM1064 Geodia,201181,c20dff,1064,132005,10000903
201215,SM908 Geodia,201181,f23044,1064,132005,10000903
201216,SM920 Pachastrella,201181,f29e30,1064,132015,10000911
201217,SM898 Pachastrellidae,201181,b2f279,1064,131665,11229903
201218,SM922 Tetractinellida msp20,201181,41e600,1064,597812,10000902
201219,SM1068 Demospongiae msp32,201181,2ee6c1,1064,164811,10000903
201220,SM1070 Demospongiae msp66,201181,e6a750,1064,164811,10000903
201221,SM927 Saccocalyx new,201181,6df271,1064,171844,11229903
201222,SM891 Aphrocallistes,201181,e63922,1064,132099,10000903
201223,SM944 Aphrocallistes beatrix,201181,bb61f2,1064,134380,10000913
201224,SM1050 Farrea,201181,f29979,1064,132107,10000903
201225,SM1044 Hexactinellida msp52,201181,9ef20c,1064,22612,10000903
201226,SM1048 Hexactinellida msp51,201181,ff4df0,1064,22612,10000903
201227,SM929 Hexactinellida msp64,201181,cf5ce6,1064,22612,10000906
201228,SM1004 Porifera  massive globose msp 7,201181,80a8ff,1064,558,10000903
201229,SM1005 Porifera  massive lobose msp 8 / Mycale lingua,201181,4ff218,1064,558,10000903
201230,SM1011 Porifera  massive globose msp 3,201181,f27318,1064,558,10000903
201231,SM1028 Poriferia msp4,201181,3df2c8,1064,558,10000903
201232,SM1030 Porifera Massive globose msp15,201181,b045e6,1064,558,10000903
201233,SM1047 Poriferia msp8,201181,262dff,1064,558,10000903
201234,SM1056 Porifera msp13,201181,ff9e66,1064,558,10000903
201235,SM1062 Porifera  massive globose msp 14,201181,e69d73,1064,558,10000903
201236,SM1073 Porifera msp55,201181,30b8f2,1064,558,10000903
201237,SM1080 Porifera  massive globose msp 10,201181,e6800b,1064,558,10000903
201238,SM1081 Porifera  massive lobose msp 17,201181,61c9f2,1064,558,10000903
201239,SM1082 Porifera  massive lobose msp 20,201181,f26c24,1064,558,10000903
201240,SM1083 Porifera  massive lobose msp 14,201181,b8f261,1064,558,10000903
201241,SM1084 Porifera msp67,201181,b3ff80,1064,558,10000903
201242,SM1085 Porifera msp12,201181,f3ff4d,1064,558,10000903
201243,SM1091 Porifera msp57,201181,f27b30,1064,558,10000903
201244,SM1093 Porifera  massive lobose msp 23,201181,244ef2,1064,558,10000903
201245,SM1098 Porifera msp4,201181,f255a4,1064,558,10000903
201246,SM1102 Porifera  massive globose msp 2,201181,ff350d,1064,558,10000903
201247,SM1103 Porifera  massive lobose msp 13,201181,45e6d8,1064,558,10000903
201248,SM1107 Porifera  cup msp 1,201181,ab6df2,1064,558,10000903
201249,SM1108 Porifera  massive lobose msp 12,201181,8455f2,1064,558,10000903
201250,SM1121 Porifera  massive lobose msp 9,201181,b5ff66,1064,558,10000903
201251,SM881 Porifera  massive lobose msp 25,201181,a873e6,1064,558,10000903
201252,SM884 Porifera  massive lobose msp 2 / Mycale lingua?,201181,f28361,1064,558,10000902
201253,SM886 Porifera  massive globose msp 13,201181,8ff255,1064,558,10000910
201254,SM888 Porifera  massive lobose msp 3,201181,1ee617,1064,558,10000913
201255,SM894 Porifera  massive lobose msp27,201181,4dff73,1064,558,10000903
201256,SM903 Poriferia msp10,201181,85e617,1064,558,10000903
201257,SM906 Porifera  massive lobose msp 4,201181,66ff33,1064,558,10000905
201258,SM933 Porifera msp69,201181,5de622,1064,558,10000911
201259,SM942 Porifera msp72,201181,f255a9,1064,558,10000903
201260,SM945 Porifera msp73,201181,3df285,1064,558,10000915
201261,SM946 Porifera msp19,201181,f2c355,1064,558,10000913
201262,SM952 Porifera msp11,201181,e639d4,1064,558,10000903
201263,SM955 Porifera msp60,201181,6cf20c,1064,558,10000915
201264,SM956 Porifera msp6,201181,0cf23a,1064,558,10000903
201265,SM959 Porifera msp1,201181,3cff26,1064,558,10000905
201266,SM962 Porifera  massive lobose msp26,201181,4995f2,1064,558,10000903
201267,SM963 Porifera  massive lobose msp 16,201181,f23d49,1064,558,10000902
201268,SM965 Porifera  massive globose msp 12,201181,ff524d,1064,558,10000902
201269,SM967 Porifera  massive lobose msp30,201181,2c00f2,1064,558,11164000
201270,SM969 Porifera  massive globose msp 14,201181,f22824,1064,558,10000902
201271,SM970 Porifera  massive lobose msp 24 / Mycale lingua?,201181,73e6bb,1064,558,10000903
201272,SM973 Porifera  massive lobose msp 19,201181,b6f261,1064,558,10000902
201273,SM974 Porifera  massive lobose msp 7,201181,73e6c9,1064,558,10000915
201274,SM978 Porifera  massive lobose msp 18 / Farrea msp?,201181,67bee6,1064,558,10000902
201275,SM981 Porifera  massive lobose msp 15,201181,6b49f2,1064,558,10000913
201276,SM983 Porifera  massive lobose msp 11,201181,f28430,1064,558,10000903
201277,SM986 Porifera  massive globose msp 9,201181,2492f2,1064,558,10000902
201278,SM990 Porifera  massive globose msp 1,201181,0c00f2,1064,558,10000903
201279,SM991 Porifera  massive lobose msp 21,201181,33ffda,1064,558,10000903
201280,SM992 Porifera  massive lobose msp 10,201181,6db2f2,1064,558,10000921
201281,SM993 Porifera  massive lobose msp 22,201181,5ce6cf,1064,558,10000911
201282,SM994 Porifera  massive lobose msp29,201181,e60bbe,1064,558,10000913
201283,Prawns / Shrimps,200282,e667d0,1064,1130,28000901
201284,Chirostylids,200282,e667d0,1064,1130,27000000
201285,Crabs,200282,f2244e,1064,1130,28000903
201286,Lobsters,200282,70f20c,1064,1130,28000902
201287,Spider crabs,201285,f2244e,1064,1130,28000903
201288,Squat lobsters,201286,70f20c,1064,1130,28825904
201289,True crabs,201285,f2244e,1064,1130,28850000
201290,Stone / King crabs,201285,ff80bf,1064,1130,28836000
201291,True lobsters,201286,70f20c,1064,1130,28786000
201292,Hermit crabs,201285,f2244e,1064,1130,28825901
201293,SM252 Gastroptychus msp1,201284,e667d0,1064,106832,27000000
201294,SM194 Chirostylidae msp1,201284,ff4056,1064,106732,27000000
201295,SM265 Chirostylidae msp2,201284,5cff40,1064,106732,27000000
201296,SM195 Parapagurus pilosimanus,201292,f2244e,1064,107248,28825901
201297,SM234 Sympagurus pictus,201292,91ff00,1064,368077,28825901
201298,SM267 Parapaguridae msp1,201292,5ce685,1064,106739,28825901
201299,SM199 Paguroidea msp1,201292,ff00bf,1064,106687,28825902
201300,SM224 Rochinia crassa,201287,f2244e,1064,1252733,28000903
201301,SM227 Homola vigil,201287,f249d3,1064,421896,28000903
201302,SM236 Paromola cuvieri,201287,0bb3e6,1064,107264,28000903
201303,SM254 Podochela msp1,201287,797df2,1064,415843,28000903
201304,SM185 Majoidea msp1,201287,5596f2,1064,106700,28000903
201305,SM203 Majoidea msp2,201287,3d64f2,1064,106700,28000903
201306,SM242 Majoidea msp3,201287,0c1bf2,1064,106700,28000903
201307,SM249 Lithodes maja,201290,ff80bf,1064,107205,28836000
201308,SM262 Lithodes longispina,201290,ff0ddf,1064,550629,28836000
201309,SM216 Neolithodes grimaldii,201290,e6171a,1064,107206,28836000
201310,SM206 Chaceon msp1,201289,f2244e,1064,106917,28850000
201311,SM210 Chaceon fenneri,201289,4da3ff,1064,394996,28850000
201312,SM260 Inachidae msp1,201289,82ff0d,1064,148427,28850000
201313,SM255 Nematocarcinus ensifer,201289,e6a22e,1064,107573,28850000
201314,SM211 Chionoecetes opilio,201289,f200e6,1064,107315,28850000
201315,SM235 Bathynectes longispina,201289,e65d45,1064,394995,28850000
201316,SM238 Bathynectes msp1,201289,49f281,1064,106920,28850000
201317,SM251 Trichopeltarion nobile,201289,ff4063,1064,422036,28850000
201318,SM191 Decapoda msp1,201289,39e678,1064,1130,28850000
201319,SM201 BrachyuraÂ  msp2,201289,bbf230,1064,106673,28850000
201320,SM208 BrachyuraÂ  msp1,201289,67e6d5,1064,106673,28850000
201321,SM226 Chaceon quinquedens,201289,a679f2,1064,158407,28850000
201322,SM237 Caridea msp2,201283,e667d0,1064,106674,28000903
201323,SM190 Eumunida picta,201288,70f20c,1064,158394,28825904
201324,SM207 Munida msp2,201288,f29655,1064,106835,28825904
201325,SM230 Munida valida,201288,85f218,1064,158399,28825904
201326,SM241 Munida tenuimana,201288,5ca3e6,1064,107166,28825904
201327,SM202 Galacantha msp1,201288,f22499,1064,387299,28825904
201328,SM193 Munidopsis erinacea,201288,7e73ff,1064,392518,28825904
201329,SM197 Munidopsis serricornis,201288,a2f261,1064,107181,28825904
201330,SM270 Munidopsis msp1,201288,3392ff,1064,106836,28825904
201331,SM250 Galatheoidea msp1,201288,66ff66,1064,106685,28825904
201332,SM266 Munida msp1,201288,f230c5,1064,106685,28825904
201333,SM244 Acanthacaris caeca,201291,70f20c,1064,293250,28786000
201334,SM263 Homarus gammarus,201291,19d1ff,1064,107253,28786000
201335,SM259 Nephrops norvegicus,201291,26e9ff,1064,107254,28786000
201336,SM246 Nephropsis aculeata,201291,2a26ff,1064,382862,28786000
201337,SM243 Cerataspis msp1,201283,e667d0,1064,589793,28000901
201338,SM269 Hepomadus tener,201283,f2bd61,1064,107084,28000901
201339,SM215 Glyphocrangon aculeata,201283,a349f2,1064,421812,28000901
201340,SM253 Nematocarcinus msp1,201283,45e675,1064,107015,28000901
201341,SM217 Heterocarpus ensifer,201283,59a4ff,1064,107644,28000901
201342,SM256 Penaeopsis serrata,201283,b217e6,1064,107111,28000901
201343,SM223 Hymenopenaeus debilis,201283,d426ff,1064,107117,28000901
201344,SM213 Caridea msp1,201283,f230c5,1064,106674,28000901
201345,SM220 Eucarida msp4,201283,e650c3,1064,1089,28000901
201346,SM247 Eucarida msp1,201283,c9f261,1064,1089,28000901
201347,SM257 Eucarida msp2,201283,2718f2,1064,1089,28000901
201348,SM268 Eucarida msp3,201283,6f6df2,1064,1089,28000901
201349,SM214 Decapoda msp2,200282,e667d0,1064,1130,27000000
201351,Anemones and anemone-like,200305,0da2ff,1064,1340,11500000
201352,Actiniaria,201351,0da2ff,1064,1360,11229000
201353,Corallimorpharia,201351,e6a117,1064,1362,11500000
201354,Zoantharia,201351,79e0f2,1064,607338,11500000
201356,Flytrap,201352,0da2ff,1064,1360,11229901
201357,Lobed anemones,201352,456ae6,1064,1360,11229903
201358,Other anemones,201352,a4f23d,1064,1360,11229903
201359,Tube anemones,201352,d36df2,1064,1360,11164000
201360,SM373 Corallimorpharia msp1,201358,a4f23d,1064,1360,25001902
201361,SM48 Actinoscyphia rugose,201356,0da2ff,1064,100707,37990083
201362,SM49 Actinoscyphia smooth,201356,91f255,1064,100707,37990083
201363,SM69 Actinoscyphiidae msp1,201356,f20061,1064,100654,11168905
201364,SM43 Actinernus michaelsarsi,201357,456ae6,1064,100796,37990083
201365,SM33 Actinostola msp1,201357,3a0cf2,1064,100709,11229000
201366,SM369 Corallimorpharia msp2,201353,e6a117,1064,1362,11500000
201367,SM370 Corallimorpharia msp5,201353,24f22b,1064,1362,11500000
201368,SM371 Corallimorpharia msp4,201353,f224b1,1064,1362,25001901
201369,SM372 Corallimorpharia msp3,201353,e673dc,1064,1362,25001901
201370,SM36 Actinauge richardi,201358,a4f23d,1064,100930,11164000
201371,SM64 Hormathiidae msp4,201358,2ec1e6,1064,100672,24000000
201372,SM83 Hormathiidae msp2,201358,f2e230,1064,100672,25160901
201373,SM84 Hormathiidae msp3,201358,e230f2,1064,100672,25160901
201374,SM87 Hormathiidae msp1,201358,ff597d,1064,100672,11168918
201375,SM32 Actiniaria msp18,201358,f24949,1064,1360,11229903
201376,SM35 Actiniaria msp14,201358,9dff4d,1064,1360,23650000
201377,SM39 Actiniaria msp22,201358,f28424,1064,1360,25001901
201378,SM51 Actiniaria msp19,201358,8cff80,1064,1360,37990083
201379,SM52 Actiniaria msp17,201358,ae49f2,1064,1360,37990016
201380,SM57 Actiniaria msp5,201358,e9f230,1064,1360,37990083
201381,SM58 Actiniaria msp44,201358,e66750,1064,1360,37990083
201382,SM62 Actiniaria msp23,201358,0c2bf2,1064,1360,24000000
201383,SM65 Actiniaria msp38,201358,2e9ce6,1064,1360,11168905
201384,SM67 Actiniaria msp31,201358,24f2a3,1064,1360,11168901
201385,SM73 Actiniaria msp24,201358,6333ff,1064,1360,11168901
201386,SM78 Actiniaria msp36,201358,a4f23d,1064,1360,25400901
201387,SM88 Actiniaria msp28,201358,0b7ce6,1064,1360,10000902
201388,SM91 Actiniaria msp32,201358,f2244e,1064,1360,10000915
201389,SM40 Bolocera  msp1,201358,e6b82e,1064,100698,25200902
201390,SM76 Condylactis gigantea,201358,7de622,1064,283419,11168902
201391,SM79 Bartholomea annulata,201358,f200f2,1064,289496,25400901
201392,SM70 Liponema msp1,201358,e6459b,1064,100769,11168902
201393,SM34 Actiniaria msp13,201358,3df249,1064,1360,20000908
201394,SM38 Actiniaria msp20,201358,3af20c,1064,1360,25001902
201395,SM42 Actiniaria msp15,201358,e63981,1064,1360,37990083
201396,SM46 Actiniaria msp29,201358,ffa126,1064,1360,37990083
201397,SM53 Actiniaria msp12,201358,f2189f,1064,1360,37990083
201398,SM60 Actiniaria msp41,201358,88ff4d,1064,1360,37990016
201399,SM68 Actiniaria msp2,201358,30f2d2,1064,1360,11168912
201400,SM75 Actiniaria msp35,201358,ff66ad,1064,1360,11168905
201401,SM77 Actiniaria msp37,201358,39e6ac,1064,1360,25400901
201402,SM90 Actiniaria msp30,201358,e6aa5c,1064,1360,10000910
201403,SM93 Actiniaria msp3,201358,3df26d,1064,1360,10000902
201404,SM94 Actiniaria msp4,201358,24bbf2,1064,1360,10000903
201405,SM99 Actiniaria msp16,201358,50e6be,1064,1360,10000903
201406,SM89 Relicanthus daphneae,201358,249cf2,1064,1338746,10000902
201407,SM61 Actinostolidae msp2,201358,a3e645,1064,100655,11229000
201408,SM81 Actinostolidae msp1,201358,a1f230,1064,100655,11001000
201409,SM44 Actiniaria msp25,201358,ff0dcf,1064,1360,37990083
201410,SM50 Actiniaria msp21,201358,ce67e6,1064,1360,37990083
201411,SM54 Actiniaria msp11,201358,5c6ee6,1064,1360,37990083
201412,SM55 Actiniaria msp6,201358,e6be67,1064,1360,37990025
201413,SM59 Actiniaria msp42,201358,0cf246,1064,1360,37990030
201414,SM66 Actiniaria msp33,201358,00f29d,1064,1360,11168902
201415,SM71 Actiniaria msp43,201358,ff5999,1064,1360,11168912
201416,SM82 Actiniaria msp40,201358,a061f2,1064,1360,11001000
201417,SM85 Actiniaria msp26,201358,f28b3d,1064,1360,25160901
201418,SM86 Actiniaria msp27,201358,596fff,1064,1360,11168918
201419,SM92 Actiniaria msp1,201358,e8f255,1064,1360,10000903
201420,SM95 Actiniaria msp7,201358,55f2ed,1064,1360,10000903
201421,SM96 Actiniaria msp8,201358,18f2a6,1064,1360,10000903
201422,SM98 Actiniaria msp10,201358,ff4026,1064,1360,10000910
201423,SM63 Halcompoides msp2,201358,47e617,1064,100743,24000000
201424,SM72 Actiniaria msp39,201358,eef200,1064,1360,11168902
201425,SM45 Edwardsiidae msp2,201359,d36df2,1064,100665,37990083
201426,SM37 Mesacmaea msp1,201359,c72ee6,1064,100748,11500000
201427,SM74 Edwardsiidae msp1,201359,59ffbd,1064,100665,11168912
201428,SM80 Edwardsiidae msp3,201359,e226ff,1064,100665,11001000
201429,SM97 Halcampa msp1,201359,64f23d,1064,100740,10000913
201430,SM56 Halcampoides msp1,201359,e6f261,1064,100743,37990083
201431,SM41 Actiniaria msp9,201359,f2d00c,1064,1360,25200901
201432,SM47 Actiniaria msp34,201359,f22428,1064,1360,37990083
201433,SM1225 Epizoanthus paguriphilus,201354,79e0f2,1064,101036,11500000
201434,SM1220 Zoantharia msp8,201354,dcf230,1064,607338,11500000
201435,SM1221 Zoantharia msp2,201354,dc73e6,1064,607338,11500000
201436,SM1222 Zoantharia msp7,201354,33ff36,1064,607338,11500000
201437,SM1226 Zoantharia msp1,201354,0c55f2,1064,607338,11500000
201438,SM1227 Zoantharia msp5,201354,7381ff,1064,607338,11500000
201439,SM1228 Zoantharia msp6,201354,9b73e6,1064,607338,11500000
201440,SM1229 Zoantharia msp3,201354,f29d79,1064,607338,11500000
201441,SM1231 Zoantharia msp4,201354,50e6c8,1064,607338,11500000
201442,SM1223 Bullagummizoanthus emilyacadiaarum,201354,79f2da,1064,715094,11500000
201443,SM1224 Parazoanthidae,201354,f224b8,1064,100689,11500000
201444,SM1230 Parazoanthus anguicomus,201354,ffd426,1064,101054,11500000
201445,SM1232 Parazoanthus  msp1,201354,ffde26,1064,100793,11500000
201446,SM1219 Palythoa caribaeorum,201354,4019ff,1064,288456,11500000
201447,SM767 Keratoisis msp.5,200315,bf6df2,1064,125306,11229903
201448,SM763 Keratoisis msp.4,200315,8f79f2,1064,125306,11168905
201449,Colonial,200359,e7f26d,1064,1363,11290000
201450,Solitary,200359,f2e279,1064,1363,11290901
201451,Caryophylliidae,201450,f2e279,1064,135073,11290000
201452,Dendrophylliidae,201450,6df293,1064,135074,11290000
201453,Faviidae,201450,66e60b,1064,196099,11290000
201454,Flabellidae,201450,3088f2,1064,135075,11290901
201455,Fungiacyathidae,201450,73ff98,1064,135076,11290901
201456,Rhizangiidae,201450,66ff91,1064,135080,11290000
201457,SM1125 Caryophylliidae  msp.2,201451,f2e279,1064,135073,11290903
201458,SM1127 Desmophyllum dianthus,201451,2454f2,1064,135159,11290903
201459,SM1134 Caryophyllia  msp.2,201451,5ef230,1064,135085,11290903
201460,SM1126 Leptopsammia formosa,201452,6df293,1064,135192,11290903
201462,SM1124 Scleractinia  msp.1,201450,f2e279,1064,1363,11290903
201463,SM1131 Caryophyllidae msp.1,201451,f2e279,1064,135073,11290902
201464,SM1137 Caryophyllia msp.1,201451,18f239,1064,135085,11290902
201465,SM1142 Caryophyllia (Caryophyllia) smithii,201451,bbf261,1064,135144,11290902
201466,SM1129 Flabellum  msp.1,201454,3088f2,1064,135114,11290902
201467,SM1136 Scolymia cubensis,201453,66e60b,1064,287852,11290903
201468,SM1139 Flabellum (Ulocyathus) macandrewi,201454,3088f2,1064,135197,11290902
201469,SM1147 Javania  msp.1,201454,4965f2,1064,135115,11290902
201470,SM1153 Flabellum (Ulocyathus) alabastrum  msp1,201454,652ee6,1064,135194,11290902
201471,SM1154 Flabellum  msp.2,201454,62f249,1064,135114,11290902
201472,SM1128 Fungiacyathus (Fungiacyathus) fragilis,201455,73ff98,1064,135204,11290902
201473,SM1132 Scleractinia  msp.2,201450,f2e279,1064,1363,11290902
201474,SM1144 Caryophyllidae/ Fabellidae (indet),201450,3dcef2,1064,1363,11290902
201475,SM1122 Siderastrea radians - Stephanocoenia intersepta,201456,66ff91,1064,207517,11290901
201476,SM1123 Pseudodiploria strigosa,201449,e7f26d,1064,718718,11290908
201477,SM1140 Porites astreoides,201449,6df2c4,1064,288889,11290908
201478,SM1151 Orbicella franksi,201449,9379f2,1064,758262,11290907
201479,SM1138 Solenosmilia variabilis,201449,7c55f2,1064,135168,11290912
201480,SM1130 Dendrophyllia  msp.1,201449,e6750b,1064,135110,11290912
201481,SM1145 Enallopsammia rostrata,201449,3deff2,1064,135190,11290912
201482,SM1152 Enallopsammia profunda,201449,80b0ff,1064,157965,11290912
201483,SM1133 Madrepora oculata,201449,189ff2,1064,135209,11290912
201484,SM1143 Desmophyllum pertusum,201449,100cf2,1064,135209,11290912
201485,SM1146 Madracis myriaster,201449,f26118,1064,287111,11290912
201486,SM1148 Madracis  msp.1,201449,f28f55,1064,135125,11290912
201487,SM1135 Diploria labyrinthiformis,201449,61bff2,1064,289826,11290906
201488,SM1141 Meandrina meandrites,201449,61f283,1064,289232,11290906
201489,SM1149 Montastraea cavernosa,201449,e64839,1064,287962,11290906
201490,SM1150 Agaricia fragilis,201449,9cf255,1064,287912,11290911
201491,Stalked crinoids,200279,cfff4d,1064,123081,25001901
201492,Unstalked crinoids,200279,3df264,1064,123081,25001902
201493,SM375 Bathycrinus carpenterii,201491,cfff4d,1064,124170,25001902
201494,SM374 Zeuctocrinus gisleni,201491,ecff59,1064,124193,25001902
201495,SM380 Endoxocrinus (Diplocrinus) wyvillethomsoni,201491,49f2de,1064,242121,25001901
201496,SM390 Crinoidea msp1,201491,e66798,1064,123081,12000000
201497,SM391 Porphyrocrinus incrassatus,201491,f2d56d,1064,124194,25200901
201498,SM386 Bourgueticrinina msp1,201491,79ff19,1064,246671,25001902
201499,SM383 Anachalypsicrinus nefertiti,201491,f22443,1064,689479,25001901
201500,SM381 Democrinus msp1,201491,668cff,1064,123344,25001902
201501,SM392 Porphyrocrinus thalassae,201491,bcf279,1064,124195,25200901
201502,SM384 Neocomatella europaea,201492,3df264,1064,124237,25001902
201503,SM389 Koehlermetra porrecta,201492,f2b655,1064,124241,25001901
201504,SM385 Heliometra glacialis,201492,f20069,1064,124223,25001902
201505,SM388 Leptometra celtica,201492,f230b8,1064,124224,25001901
201506,SM378 Atelecrinus helgae,201492,00d6e6,1064,124236,25001901
201507,SM376 Thalassometra lusitanica,201492,1.74E+09,1064,124243,25001902
201508,SM379 Zenometridae,201492,e639e0,1064,163752,25001901
201509,SM377 Pentametrocrinus atlanticus,201492,f2186f,1064,124238,11229903
201510,SM382 Crinoidea msp2,201492,9.15E+09,1064,123081,25001902
201511,SM387 Crinoidea msp3,201492,f255be,1064,123081,11229903
201512,Basket stars,200338,3d7cf2,1064,242196,25160902
201513,Brittle / snake stars,200338,a1f230,1064,123084,25160901
201514,SM835 Gorgonocephalus,201512,3d7cf2,1064,123586,25160901
201515,Burrower,201513,a1f230,1064,123084,25160000
201516,Clinger,201513,6d83f2,1064,123084,25160000
201517,Crawler,201513,c1e65c,1064,123084,25160000
201518,SM836 Amphiuridae,201515,a1f230,1064,123206,25160901
201519,SM853 Asteronyx loveni,201516,6d83f2,1064,124951,25160901
201520,SM845 Asteroschema inornatum,201516,80b9ff,1064,124955,25160901
201521,SM838 Euryalidae Asteroschema/Ophiocreas,201516,19ff85,1064,196223,25160901
201522,SM839 Ophiactis abyssicola,201517,c1e65c,1064,125109,25160901
201523,SM851 Ophiothrix fragilis,201517,3061f2,1064,125131,25160901
201524,SM850 Ophiacantha,201517,f28755,1064,123587,25160901
201525,SM830 Ophiolimna msp1,201517,f218ce,1064,123596,25160901
201526,SM852 Ophiacanthidae,201517,9466ff,1064,123204,25160901
201527,SM831 Ophiomyxa serpentaria,201517,5577f2,1064,125145,25160901
201528,SM855 Ophiomusium lymani,201517,0be696,1064,245559,11168918
201529,SM842 Ophiuroglypha msp1,201517,61d3f2,1064,467707,25160901
201530,SM843 Ophiura,201517,ffe066,1064,123574,25160901
201531,SM840 Ophiurida msp3,201517,5.85E+09,1064,123117,25160901
201532,SM841 Ophiurida msp1,201517,ff620d,1064,123117,25160901
201533,SM844 Ophiurida msp2,201517,e6932e,1064,123117,25160901
201534,SM832 Ophiuroidea msp8,201517,307ef2,1064,123084,25160902
201535,SM833 Ophiuroidea msp9,201517,e68217,1064,123084,25160901
201536,SM834 Ophiuroidea msp5,201517,5ce677,1064,123084,25160901
201537,SM837 Ophiuroidea msp6,201517,f2000c,1064,123084,11229903
201538,SM846 Ophiuroidea msp7,201517,ffbd59,1064,123084,25160901
201539,SM847 Ophiuroidea msp10,201517,59fff9,1064,123084,11229903
201540,SM848 Ophiuroidea msp2,201517,e6812e,1064,123084,25160901
201541,SM849 Ophiuroidea msp1,201517,ff0dcb,1064,123084,25160901
201542,SM854 Ophiuroidea msp3,201517,2676ff,1064,123084,11168918
201543,SM856 Ophiuroidea msp4,201517,49f2c5,1064,123084,11168918
201544,SM402 Pourtalesia jeffreysi,200312,aaff0d,1064,124355,25200901
201545,SM408 Spatangus raschi,200312,ffd666,1064,124419,25200901
201546,Arbaciidae,200286,6500f2,1064,123156,25200901
201547,SM409 Coelopleurus floridanus,201546,6500f2,1064,513202,25200901
201548,SM413 Gracilechinus acutus,200284,f2bd49,1064,532031,37990083
201549,SM414 Gracilechinus,200284,f23dc5,1064,411391,37990083
201550,SM398 Echinidae msp2,200284,bb2ee6,1064,123160,11229903
201551,SM400 Echinidae msp5,200284,18f289,1064,123160,25200901
201552,SM401 Echinidae msp3,200284,ff4dcf,1064,123160,25200901
201553,SM404 Echinidae msp7,200284,e65c7c,1064,123160,25200901
201554,SM405 Echinidae msp8,200284,45e685,1064,123160,25200902
201555,SM406 Echinidae msp9,200284,f2a879,1064,123160,25200901
201556,SM407 Echinidae msp6,200284,39e639,1064,123160,11164000
201557,SM410 Echinidae msp1,200284,e617d1,1064,123160,25200901
201558,SM412 Echinidae msp4,200284,0cf249,1064,123160,37990083
201559,SM396 Cidaris cidaris,200271,6500f2,1064,124257,25200901
201560,SM395 Histocidaris purpurata,200271,6500f2,1064,513337,25200901
201561,SM394 Araeosoma fenestratum,200288,710be6,1064,149880,25200901
201562,SM399 Hygrosoma,200288,73ffc5,1064,123400,25200901
201563,SM397 Phormosoma placenta,200288,f21889,1064,124343,11168919
201564,SM403 Echinoidea  msp1,200286,6500f2,1064,123082,25200901
201565,SM411 Echinoidea msp2,200286,0dffbe,1064,123082,25200901
201566,SM275 Novodinia,200258,60ff26,1064,123213,25102000
201567,SM286 Brisingidae,200258,6d61f2,1064,123119,25102000
201568,SM279 Freyellidae msp2,200258,9626ff,1064,123120,25102000
201569,SM309 Freyellidae msp1,200258,7.55E+09,1064,123120,25102000
201570,SM310 Freyellidae,200258,499bf2,1064,123120,25102000
201571,Webbed arms,200248,60ff26,1064,123080,25102000
201572,SM280 Hymenaster msp3,201571,60ff26,1064,123333,25102000
201573,SM281 Hymenaster msp1,201571,ff66de,1064,123333,25102000
201574,SM294 Hymenaster msp2,201571,40ffb3,1064,123333,25102000
201575,Cushion body form,200248,60ff26,1064,123080,25102000
201576,SM299 Pterasteridae msp2,201575,60ff26,1064,123142,25102000
201577,SM288 Porania (Porania) pulvillus (orange morph),201575,55f255,1064,125166,25102000
201578,SM302 Porania (Porania) pulvillus (purple morph),201575,dc30f2,1064,125166,25102000
201579,SM274 Lophaster,201575,e67c67,1064,123337,25102000
201580,SM277 Pterasteridae msp5,201575,80d7ff,1064,123142,25102000
201581,SM278 Pterasteridae msp6,201575,73ff83,1064,123142,25102000
201582,SM298 Pterasteridae msp3,201575,5ce67a,1064,123142,25102000
201583,SM313 Pterasteridae msp4,201575,fc40ff,1064,123142,25102000
201584,SM271 Velatida msp1,201575,b1f20c,1064,123091,25102000
201586,SM306 Chondraster,201575,60ff26,1064,123316,25102000
201587,disc and arms flat not rounded,200248,60ff26,1064,123080,25102000
201588,SM312 Crossaster papposus,201587,60ff26,1064,124154,25102000
201589,SM291 Benthopecten,201587,17e62c,1064,123239,25102000
201590,SM289 Pontaster tenuispinus,201587,e650e6,1064,123851,25102000
201591,SM292 Bathybiaster,201587,33b4ff,1064,123246,25102000
201592,SM287 Ctenodiscus crispatus,201587,f218ce,1064,123915,25102000
201593,SM301 Luidia sarsi,201587,f224f2,1064,123922,25102000
201594,SM305 Pseudarchaster,201587,6a00ff,1064,123304,25102000
201595,SM285 Ceramaster,201587,59ffa7,1064,123291,25102000
201596,SM290 Ceramaster granularis,201587,e65f17,1064,124020,25102000
201597,SM296 Evoplosoma,201587,558ff2,1064,123293,25102000
201598,SM311 Hippasteria phrygiana,201587,3924f2,1064,124043,25102000
201599,SM295 Nymphaster arenatus,201587,f26db2,1064,124048,25102000
201600,SM308 Peltaster placenta,201587,e650b4,1064,124055,25102000
201601,SM300 Plinthaster dentatus,201587,39e670,1064,124080,25102000
201602,"disc small, continous with cylindrical arms",200248,60ff26,1064,123080,25102000
201603,SM297 Ampheraster alaminos,201602,60ff26,1064,178777,25102000
201604,SM284 Copidaster schismochilus,201602,c550e6,1064,178177,25102000
201605,SM314 Solaster,201602,8ff261,1064,123338,25102000
201606,SM307 Asterias rubens,201602,e6502e,1064,123776,25102000
201607,SM272 Urasterias lincki,201602,ffa04d,1064,123815,25102000
201608,SM273 Pedicellasteridae,201602,24f2e1,1064,123124,25102000
201609,SM304 Neomorphaster,201602,e645b8,1064,123234,25102000
201610,SM276 Zoroaster fulgens msp2,201602,eaf249,1064,123826,25102000
201611,SM283 Zoroaster fulgens msp1,201602,703df2,1064,123826,25102000
201612,SM282 Henricia,201602,e433ff,1064,123276,25102000
201613,SM303 Ophidiasteridae msp1,201602,e673b6,1064,123137,25102000
201614,SM315 Ophidiasteridae msp2,201602,a649f2,1064,123137,25102000
201615,SM293 Pythonaster msp1,201602,92f249,1064,123330,25102000
201616,SM510 Monomitopus msp1,200337,f27979,1064,125862,37990083
201617,Cuttlefish,200264,d70dff,1064,11707,23607000
201618,Octopods,200264,ff0022,1064,11707,23650000
201619,Squid,200264,5ce6a1,1064,11707,23615000
201620,SM353 Rossia macrosoma,201617,d70dff,1064,141449,23650000
201621,SM355 Sepiola atlantica,201617,d061f2,1064,141454,23650000
201622,SM352 Bathypolypus sp.,201618,ff0022,1064,138265,23607000
201623,SM358 Cirroteuthis muelleri,201618,4dd2ff,1064,342212,11164000
201624,SM351 Eledone cirrhosa,201618,f26d7f,1064,140600,23615000
201625,SM350 Muusoctopus januarii,201618,18f2e4,1064,527149,23607000
201626,SM349 Graneledone verrucosa,201618,ecff40,1064,157019,23650000
201627,SM356 Opisthoteuthis msp2,201618,30f2cb,1064,138294,11164000
201628,SM357 Opisthoteuthis msp1,201618,ff4d88,1064,138294,11229903
201629,SM348 Stauroteuthis syrtensis,201618,beff73,1064,153122,23650000
201630,SM354 Teuthida,201619,5ce6a1,1064,11716,23650000
201631,SM630 Neptunea despecta,200302,22e649,1064,138923,24000000
201632,SM629 Dendronotus robustus,200335,22e649,1064,139525,24000000
201633,Anthomastus,200234,333aff,1064,125285,11168910
